<?xml version = '1.0' encoding = 'UTF-8'?>
<Table class="oracle.dbtools.crest.model.design.relational.Table" directorySegmentName="seg_0" id="82963FEC-A43C-7586-D51A-A6BCF1BBF290" name="VISIT">
<createdBy>ansonwong</createdBy>
<createdTime>2023-09-14 06:10:10 UTC</createdTime>
<generatorID>F52DA7F6-266C-97CA-CA5C-157FAB2584EB</generatorID>
<ownerDesignName>Logical_model</ownerDesignName>
<allowColumnReorder>false</allowColumnReorder>
<existDependencyGenerateInDDl>true</existDependencyGenerateInDDl>
<parsed>true</parsed>
<columns itemClass="oracle.dbtools.crest.model.design.relational.Column">
<Column name="Attribute_11" id="D9C4CBB3-2F64-DC84-A287-B941700BE551">
<createdBy>ansonwong</createdBy>
<createdTime>2023-09-14 06:10:10 UTC</createdTime>
<commentInRDBMS><![CDATA[Visit ID]]></commentInRDBMS>
<generatorID>8C4E3CCC-AADF-C46E-D14B-E130DDB22CBD</generatorID>
<ownerDesignName>Logical_model</ownerDesignName>
<useDomainConstraints>false</useDomainConstraints>
<use>1</use>
<logicalDatatype>LOGDT019</logicalDatatype>
<dataTypePrecision>4</dataTypePrecision>
<ownDataTypeParameters>,4,</ownDataTypeParameters>
<autoIncrementCycle>false</autoIncrementCycle>
</Column>
<Column name="visit_datetime" id="9646AA42-56DF-931D-25A6-BD1C1E1978C2">
<createdBy>ansonwong</createdBy>
<createdTime>2023-09-14 06:10:10 UTC</createdTime>
<commentInRDBMS><![CDATA[Visit Date and Time]]></commentInRDBMS>
<generatorID>17A4147F-445E-9575-DE96-B6EB9019CDC1</generatorID>
<ownerDesignName>Logical_model</ownerDesignName>
<useDomainConstraints>false</useDomainConstraints>
<use>1</use>
<logicalDatatype>LOGDT007</logicalDatatype>
<ownDataTypeParameters>,,</ownDataTypeParameters>
<autoIncrementCycle>false</autoIncrementCycle>
</Column>
<Column name="vet_id" id="F7160FF6-471D-A2A4-A0E4-A096FDDC6DD5">
<createdBy>ansonwong</createdBy>
<createdTime>2023-09-14 06:10:10 UTC</createdTime>
<commentInRDBMS><![CDATA[vet id]]></commentInRDBMS>
<generatorID>847A865B-CC2E-B7C5-2801-8FBE9928EC7D</generatorID>
<ownerDesignName>Logical_model</ownerDesignName>
<useDomainConstraints>false</useDomainConstraints>
<use>1</use>
<logicalDatatype>LOGDT019</logicalDatatype>
<dataTypePrecision>4</dataTypePrecision>
<ownDataTypeParameters>,,</ownDataTypeParameters>
<previousColumn>false</previousColumn>
<autoIncrementCycle>false</autoIncrementCycle>
<associations>
<colAssociation fkAssociation="BD26B243-2D99-88FC-283B-AE8A886E14CD" referredColumn="014219D7-1FB2-B3B6-A302-7578ED3F551A"/>
</associations>
</Column>
<Column name="visit_pet_weight" id="F3FF1029-A1CC-155C-FC51-5332897766A6">
<createdBy>ansonwong</createdBy>
<createdTime>2023-09-14 06:10:10 UTC</createdTime>
<commentInRDBMS><![CDATA[Pet weight during visit]]></commentInRDBMS>
<generatorID>1C3D0CEB-029E-AF6B-0FF1-EEE9EEF0877A</generatorID>
<ownerDesignName>Logical_model</ownerDesignName>
<useDomainConstraints>false</useDomainConstraints>
<use>1</use>
<logicalDatatype>LOGDT019</logicalDatatype>
<dataTypePrecision>4</dataTypePrecision>
<dataTypeScale>2</dataTypeScale>
<ownDataTypeParameters>,4,2</ownDataTypeParameters>
<autoIncrementCycle>false</autoIncrementCycle>
</Column>
<Column name="visit_length" id="EE39292D-A5DB-1676-A59D-FC057BD0325C">
<createdBy>ansonwong</createdBy>
<createdTime>2023-09-14 06:10:10 UTC</createdTime>
<commentInRDBMS><![CDATA[Visit duration length]]></commentInRDBMS>
<generatorID>4A33BD07-DB3C-476C-757C-4B13FC9F586B</generatorID>
<ownerDesignName>Logical_model</ownerDesignName>
<useDomainConstraints>false</useDomainConstraints>
<use>1</use>
<logicalDatatype>LOGDT019</logicalDatatype>
<dataTypePrecision>4</dataTypePrecision>
<dataTypeScale>2</dataTypeScale>
<ownDataTypeParameters>,4,2</ownDataTypeParameters>
<autoIncrementCycle>false</autoIncrementCycle>
</Column>
<Column name="visit_notes" id="3C981A22-7A68-034A-5902-2E4699FA5A23">
<createdBy>ansonwong</createdBy>
<createdTime>2023-09-14 06:10:10 UTC</createdTime>
<commentInRDBMS><![CDATA[Notes on the pet's condition during visit]]></commentInRDBMS>
<generatorID>9572B087-9BDB-9E59-1C1A-A88A244639C8</generatorID>
<ownerDesignName>Logical_model</ownerDesignName>
<useDomainConstraints>false</useDomainConstraints>
<use>1</use>
<logicalDatatype>LOGDT024</logicalDatatype>
<dataTypeSize>50</dataTypeSize>
<ownDataTypeParameters>50,,</ownDataTypeParameters>
<autoIncrementCycle>false</autoIncrementCycle>
</Column>
<Column name="visit_totalcost" id="6F6822C7-9AFE-0A0B-18CF-7221EF6A8A53">
<createdBy>ansonwong</createdBy>
<createdTime>2023-09-14 06:10:10 UTC</createdTime>
<commentInRDBMS><![CDATA[Total cost for visit]]></commentInRDBMS>
<generatorID>48CA4011-1330-7A40-905E-0AD6712B5DE4</generatorID>
<ownerDesignName>Logical_model</ownerDesignName>
<useDomainConstraints>false</useDomainConstraints>
<use>1</use>
<logicalDatatype>LOGDT019</logicalDatatype>
<dataTypePrecision>5</dataTypePrecision>
<dataTypeScale>2</dataTypeScale>
<ownDataTypeParameters>,5,2</ownDataTypeParameters>
<autoIncrementCycle>false</autoIncrementCycle>
</Column>
<Column name="visit_payment_type" id="56B98334-DCDE-B27F-F6F4-EA63390E86DA">
<createdBy>ansonwong</createdBy>
<createdTime>2023-09-14 06:10:10 UTC</createdTime>
<commentInRDBMS><![CDATA[Payment type for visit]]></commentInRDBMS>
<generatorID>8045F362-7D2A-9F0D-1144-B777FBDAE0E8</generatorID>
<ownerDesignName>Logical_model</ownerDesignName>
<constraintName>chk_payment_type</constraintName>
<useDomainConstraints>false</useDomainConstraints>
<use>1</use>
<logicalDatatype>LOGDT025</logicalDatatype>
<dataTypeSize>1</dataTypeSize>
<listOfValues>
<valueDef value="C" description="CASH"/>
<valueDef value="E" description="EFT"/>
</listOfValues>
<ownDataTypeParameters>1,,</ownDataTypeParameters>
<autoIncrementCycle>false</autoIncrementCycle>
</Column>
<Column name="clinic_id" id="9D1248C9-EAEC-FA1C-45DF-BD77CD5F8090">
<createdBy>ansonwong</createdBy>
<createdTime>2023-09-14 06:10:10 UTC</createdTime>
<commentInRDBMS><![CDATA[clinic id]]></commentInRDBMS>
<generatorID>4FE9B4BC-BC3E-5401-C34E-EBBE69577921</generatorID>
<ownerDesignName>Logical_model</ownerDesignName>
<useDomainConstraints>false</useDomainConstraints>
<use>1</use>
<logicalDatatype>LOGDT019</logicalDatatype>
<dataTypePrecision>4</dataTypePrecision>
<ownDataTypeParameters>,,</ownDataTypeParameters>
<previousColumn>false</previousColumn>
<autoIncrementCycle>false</autoIncrementCycle>
<associations>
<colAssociation fkAssociation="28F0C375-B5BA-1411-6C71-6FAEAA502F34" referredColumn="62E22C84-F99F-7310-12CB-C79E2C96C8EA"/>
</associations>
</Column>
<Column name="pet_id" id="065E7077-910D-03CF-E032-D274470698F1">
<createdBy>ansonwong</createdBy>
<createdTime>2023-09-14 06:10:10 UTC</createdTime>
<commentInRDBMS><![CDATA[Pet id]]></commentInRDBMS>
<generatorID>578052AA-2C2F-8695-FBCE-C5BD22C907A7</generatorID>
<ownerDesignName>Logical_model</ownerDesignName>
<useDomainConstraints>false</useDomainConstraints>
<use>1</use>
<logicalDatatype>LOGDT019</logicalDatatype>
<dataTypePrecision>4</dataTypePrecision>
<ownDataTypeParameters>,,</ownDataTypeParameters>
<previousColumn>false</previousColumn>
<autoIncrementCycle>false</autoIncrementCycle>
<associations>
<colAssociation fkAssociation="1D07BC11-EBBC-584E-E87B-8D1569B563F7" referredColumn="90D75861-3EEE-8AAC-D3F1-E0E71B2952FD"/>
</associations>
</Column>
<Column name="owner_id" id="73A17901-E936-D094-4612-2DA532046C82">
<createdBy>ansonwong</createdBy>
<createdTime>2023-09-14 06:10:10 UTC</createdTime>
<commentInRDBMS><![CDATA[Owner id]]></commentInRDBMS>
<generatorID>49E26E81-49A4-D972-0073-812C6A4E7E50</generatorID>
<ownerDesignName>Logical_model</ownerDesignName>
<useDomainConstraints>false</useDomainConstraints>
<use>1</use>
<logicalDatatype>LOGDT019</logicalDatatype>
<dataTypePrecision>4</dataTypePrecision>
<ownDataTypeParameters>,,</ownDataTypeParameters>
<previousColumn>false</previousColumn>
<autoIncrementCycle>false</autoIncrementCycle>
<associations>
<colAssociation fkAssociation="BC1B6334-5ACA-905E-EB64-0CA226338A64" referredColumn="28389F22-7998-5C5B-1CA4-687825B2C8E2"/>
</associations>
</Column>
<Column name="VISIT_Attribute_11" id="0102CCA6-ED1D-0EE5-C433-D38E8B73AA09">
<createdBy>ansonwong</createdBy>
<createdTime>2023-09-14 06:10:33 UTC</createdTime>
<ownerDesignName>Logical_model</ownerDesignName>
<nullsAllowed>true</nullsAllowed>
<useDomainConstraints>false</useDomainConstraints>
<use>1</use>
<logicalDatatype>LOGDT019</logicalDatatype>
<dataTypePrecision>4</dataTypePrecision>
<ownDataTypeParameters>,,</ownDataTypeParameters>
<previousColumn>false</previousColumn>
<autoIncrementCycle>false</autoIncrementCycle>
<associations>
<colAssociation fkAssociation="CC6FA039-17EA-F722-0CC1-320AFED09F80" referredColumn="D9C4CBB3-2F64-DC84-A287-B941700BE551"/>
</associations>
</Column>
</columns>
<indexes itemClass="oracle.dbtools.crest.model.design.relational.Index">
<ind_PK_UK id="C349457F-59B8-4BD1-8187-FE5EE2CED836" name="VISIT_PK">
<createdBy>ansonwong</createdBy>
<createdTime>2023-09-14 06:10:10 UTC</createdTime>
<generatorID>6CE19701-041C-572B-B453-B605FDC0D5B3</generatorID>
<ownerDesignName>Logical_model</ownerDesignName>
<pk>true</pk>
<indexState>Primary Constraint</indexState>
<isSurrogateKey>false</isSurrogateKey>
<indexColumnUsage>
<colUsage columnID="D9C4CBB3-2F64-DC84-A287-B941700BE551"/>
</indexColumnUsage>
</ind_PK_UK>
<ind_PK_UK id="E403F042-AC87-2D51-726E-EECC1F59B30C" name="VISIT_NK">
<createdBy>ansonwong</createdBy>
<createdTime>2023-09-14 06:10:10 UTC</createdTime>
<generatorID>3D11DF53-E4C5-61F4-E5BE-982813A4CFB9</generatorID>
<ownerDesignName>Logical_model</ownerDesignName>
<indexState>Unique Constraint</indexState>
<isSurrogateKey>false</isSurrogateKey>
<indexColumnUsage>
<colUsage columnID="F7160FF6-471D-A2A4-A0E4-A096FDDC6DD5"/>
<colUsage columnID="9646AA42-56DF-931D-25A6-BD1C1E1978C2"/>
</indexColumnUsage>
</ind_PK_UK>
<ind_PK_UK id="9B7FE765-4095-766B-971B-07F1FB2EC718" name="CLINIC_VISIT">
<createdBy>ansonwong</createdBy>
<createdTime>2023-09-14 06:10:10 UTC</createdTime>
<generatorID>69B91E32-68B0-6224-DF69-405713CACA65</generatorID>
<ownerDesignName>Logical_model</ownerDesignName>
<indexState>Foreign Key</indexState>
<isSurrogateKey>false</isSurrogateKey>
<indexColumnUsage>
<colUsage columnID="9D1248C9-EAEC-FA1C-45DF-BD77CD5F8090"/>
</indexColumnUsage>
</ind_PK_UK>
<ind_PK_UK id="616812EB-22DC-BEB5-B366-08EF220F9AC9" name="OWNER_VISIT">
<createdBy>ansonwong</createdBy>
<createdTime>2023-09-14 06:10:10 UTC</createdTime>
<generatorID>9AC26873-1EA0-E797-B54D-07893A0EF8C4</generatorID>
<ownerDesignName>Logical_model</ownerDesignName>
<indexState>Foreign Key</indexState>
<isSurrogateKey>false</isSurrogateKey>
<indexColumnUsage>
<colUsage columnID="73A17901-E936-D094-4612-2DA532046C82"/>
</indexColumnUsage>
</ind_PK_UK>
<ind_PK_UK id="EED18E38-E3D2-9BA6-74BF-1C6538D5E770" name="PET_VISIT">
<createdBy>ansonwong</createdBy>
<createdTime>2023-09-14 06:10:10 UTC</createdTime>
<generatorID>D317531C-D52C-0E86-7346-189621DB8F45</generatorID>
<ownerDesignName>Logical_model</ownerDesignName>
<indexState>Foreign Key</indexState>
<isSurrogateKey>false</isSurrogateKey>
<indexColumnUsage>
<colUsage columnID="065E7077-910D-03CF-E032-D274470698F1"/>
</indexColumnUsage>
</ind_PK_UK>
<ind_PK_UK id="3C2BFB5C-56D8-6069-C1CF-54AE41A4400A" name="VET_VISIT">
<createdBy>ansonwong</createdBy>
<createdTime>2023-09-14 06:10:10 UTC</createdTime>
<generatorID>F2F24759-70D0-BACE-12D6-4CE80CC2AA1B</generatorID>
<ownerDesignName>Logical_model</ownerDesignName>
<indexState>Foreign Key</indexState>
<isSurrogateKey>false</isSurrogateKey>
<indexColumnUsage>
<colUsage columnID="F7160FF6-471D-A2A4-A0E4-A096FDDC6DD5"/>
</indexColumnUsage>
</ind_PK_UK>
<ind_PK_UK id="CA67529B-1D05-34DC-C536-01939BC1EC17" name="VISIT_NEXT_VISIT">
<createdBy>ansonwong</createdBy>
<createdTime>2023-09-14 06:10:10 UTC</createdTime>
<generatorID>CF04EF63-6BE4-4D38-3A5D-9B79310AB1E6</generatorID>
<ownerDesignName>Logical_model</ownerDesignName>
<indexState>Foreign Key</indexState>
<isSurrogateKey>false</isSurrogateKey>
<indexColumnUsage>
<colUsage columnID="0102CCA6-ED1D-0EE5-C433-D38E8B73AA09"/>
</indexColumnUsage>
</ind_PK_UK>
</indexes>
</Table>
