<?xml version = '1.0' encoding = 'UTF-8'?>
<Table class="oracle.dbtools.crest.model.design.relational.Table" directorySegmentName="seg_0" id="D0DA9035-543C-5B05-CB62-561516A63C9D" name="DRUG">
<createdBy>ansonwong</createdBy>
<createdTime>2023-09-14 04:48:23 UTC</createdTime>
<generatorID>0411C1AF-D5CA-1413-B189-A5A35C16F3F0</generatorID>
<ownerDesignName>Logical_model</ownerDesignName>
<allowColumnReorder>false</allowColumnReorder>
<existDependencyGenerateInDDl>true</existDependencyGenerateInDDl>
<parsed>true</parsed>
<columns itemClass="oracle.dbtools.crest.model.design.relational.Column">
<Column name="drug_id" id="FFDF1F5B-4372-214D-8643-D0B226AAAB0F">
<createdBy>ansonwong</createdBy>
<createdTime>2023-09-14 04:48:23 UTC</createdTime>
<commentInRDBMS><![CDATA[Drug ID]]></commentInRDBMS>
<generatorID>CAFC5325-8D5C-D552-76E7-623FFAA4205D</generatorID>
<ownerDesignName>Logical_model</ownerDesignName>
<useDomainConstraints>false</useDomainConstraints>
<use>1</use>
<logicalDatatype>LOGDT019</logicalDatatype>
<dataTypePrecision>3</dataTypePrecision>
<ownDataTypeParameters>,3,</ownDataTypeParameters>
<autoIncrementCycle>false</autoIncrementCycle>
</Column>
<Column name="drug_name" id="458084FD-14A8-F757-8488-6F0DC5F54F9F">
<createdBy>ansonwong</createdBy>
<createdTime>2023-09-14 04:48:23 UTC</createdTime>
<commentInRDBMS><![CDATA[Drug Name]]></commentInRDBMS>
<generatorID>46F0904E-2887-4CE1-88AC-C2D2662BAB59</generatorID>
<ownerDesignName>Logical_model</ownerDesignName>
<useDomainConstraints>false</useDomainConstraints>
<use>1</use>
<logicalDatatype>LOGDT024</logicalDatatype>
<dataTypeSize>15</dataTypeSize>
<ownDataTypeParameters>15,,</ownDataTypeParameters>
<autoIncrementCycle>false</autoIncrementCycle>
</Column>
<Column name="drug_usage_instruc" id="B01CA236-0237-AB36-9ED7-C2E59D7DA6F9">
<createdBy>ansonwong</createdBy>
<createdTime>2023-09-14 04:48:23 UTC</createdTime>
<commentInRDBMS><![CDATA[Drug Usage Instruction]]></commentInRDBMS>
<generatorID>AAA359CF-5F3A-E397-133F-66BF7D8393DE</generatorID>
<ownerDesignName>Logical_model</ownerDesignName>
<useDomainConstraints>false</useDomainConstraints>
<use>1</use>
<logicalDatatype>LOGDT024</logicalDatatype>
<dataTypeSize>50</dataTypeSize>
<ownDataTypeParameters>50,,</ownDataTypeParameters>
<autoIncrementCycle>false</autoIncrementCycle>
</Column>
<Column name="drug_cost" id="0B44F505-B44F-452A-960E-B2BD783894F1">
<createdBy>ansonwong</createdBy>
<createdTime>2023-09-14 04:48:23 UTC</createdTime>
<commentInRDBMS><![CDATA[Drug standard cost]]></commentInRDBMS>
<generatorID>1DE232DB-9633-C6D6-D440-620201A65E00</generatorID>
<ownerDesignName>Logical_model</ownerDesignName>
<useDomainConstraints>false</useDomainConstraints>
<use>1</use>
<logicalDatatype>LOGDT019</logicalDatatype>
<dataTypePrecision>4</dataTypePrecision>
<dataTypeScale>2</dataTypeScale>
<ownDataTypeParameters>,4,2</ownDataTypeParameters>
<autoIncrementCycle>false</autoIncrementCycle>
</Column>
</columns>
<indexes itemClass="oracle.dbtools.crest.model.design.relational.Index">
<ind_PK_UK id="615EC377-0920-7543-6221-134FBC687AE1" name="DRUG_PK">
<createdBy>ansonwong</createdBy>
<createdTime>2023-09-14 04:48:23 UTC</createdTime>
<generatorID>17850FC7-BFA6-65FE-F569-ACFF7746B6E8</generatorID>
<ownerDesignName>Logical_model</ownerDesignName>
<pk>true</pk>
<indexState>Primary Constraint</indexState>
<isSurrogateKey>false</isSurrogateKey>
<indexColumnUsage>
<colUsage columnID="FFDF1F5B-4372-214D-8643-D0B226AAAB0F"/>
</indexColumnUsage>
</ind_PK_UK>
</indexes>
</Table>
