<?xml version = '1.0' encoding = 'UTF-8'?>
<FKIndexAssociation class="oracle.dbtools.crest.model.design.relational.FKIndexAssociation" directorySegmentName="seg_0" id="581EF35D-039D-3C08-F071-895153BEB523" containerWithKeyObject="11841583-0A13-8E31-D38B-ECFAF2D5490D" localFKIndex="4318F2F2-8CCD-5705-4BF7-8B5F868E887A" name="SPECIALISATION_VET">
<createdBy>ansonwong</createdBy>
<createdTime>2023-09-14 04:48:23 UTC</createdTime>
<generatorID>75554F5D-EED4-DB64-AC7F-1D9E3B2C6A23</generatorID>
<ownerDesignName>Logical_model</ownerDesignName>
<referredTableLongName>SPECIALISATION</referredTableLongName>
<deleteRule>NO ACTION</deleteRule>
<referredTableID>F2317957-D7B5-4CB6-0AD3-8E052EE32593</referredTableID>
<keyObject>22E1AF71-7775-05FC-4A3F-89015603F020</keyObject>
<referredKeyID>22E1AF71-7775-05FC-4A3F-89015603F020</referredKeyID>
<mandatory>true</mandatory>
<refColNames>spec_id</refColNames>
<transferable>true</transferable>
<rely>false</rely>
<columnDependencyConstraintGenerateInDDL>true</columnDependencyConstraintGenerateInDDL>
</FKIndexAssociation>
