<?xml version = '1.0' encoding = 'UTF-8'?>
<FKIndexAssociation class="oracle.dbtools.crest.model.design.relational.FKIndexAssociation" directorySegmentName="seg_0" id="927DB25C-06CD-FB0E-B26D-3C77AC4F5698" containerWithKeyObject="11CE163D-82E6-BE42-8321-F9CFF7513B8D" localFKIndex="26BC7FBD-43C1-539B-B616-D805E8519F0F" name="VET_TRAINING_VET">
<createdBy>ansonwong</createdBy>
<createdTime>2023-09-14 05:54:51 UTC</createdTime>
<generatorID>36475411-ADC5-5A56-3359-3AB57DABB482</generatorID>
<ownerDesignName>Logical_model</ownerDesignName>
<referredTableLongName>VET</referredTableLongName>
<deleteRule>NO ACTION</deleteRule>
<referredTableID>11841583-0A13-8E31-D38B-ECFAF2D5490D</referredTableID>
<keyObject>F124E972-B9B5-EDDA-9AC6-0E4197A4533F</keyObject>
<referredKeyID>F124E972-B9B5-EDDA-9AC6-0E4197A4533F</referredKeyID>
<mandatory>true</mandatory>
<refColNames>vet_id</refColNames>
<transferable>true</transferable>
<rely>false</rely>
<columnDependencyConstraintGenerateInDDL>true</columnDependencyConstraintGenerateInDDL>
</FKIndexAssociation>
