<?xml version = '1.0' encoding = 'UTF-8'?>
<Entity class="oracle.dbtools.crest.model.design.logical.Entity" directorySegmentName="seg_0" id="0411C1AF-D5CA-1413-B189-A5A35C16F3F0" name="DRUG">
<createdBy>ansonwong</createdBy>
<createdTime>2023-09-12 19:27:59 UTC</createdTime>
<ownerDesignName>Logical_model</ownerDesignName>
<engineerTo>
<item key="E6188D59-D74F-48AE-8122-E18BB5017B06" value="true"/>
</engineerTo>
<adequatelyNormalized>NO</adequatelyNormalized>
<expectedVolumes>0</expectedVolumes>
<fwdEngineeringStrategyName>Single Table</fwdEngineeringStrategyName>
<growthPercent>0</growthPercent>
<growthType>Year</growthType>
<maxVolumes>9999999</maxVolumes>
<minVolumes>0</minVolumes>
<normalForm>Third</normalForm>
<attributes itemClass="oracle.dbtools.crest.model.design.logical.Attribute">
<Attribute name="drug_id" id="CAFC5325-8D5C-D552-76E7-623FFAA4205D">
<createdBy>ansonwong</createdBy>
<createdTime>2023-09-12 19:28:09 UTC</createdTime>
<commentInRDBMS><![CDATA[Drug ID]]></commentInRDBMS>
<ownerDesignName>Logical_model</ownerDesignName>
<engineerTo>
<item key="E6188D59-D74F-48AE-8122-E18BB5017B06" value="true"/>
</engineerTo>
<useDomainConstraints>false</useDomainConstraints>
<use>1</use>
<logicalDatatype>LOGDT019</logicalDatatype>
<dataTypePrecision>3</dataTypePrecision>
<ownDataTypeParameters>,3,</ownDataTypeParameters>
</Attribute>
<Attribute name="drug_name" id="46F0904E-2887-4CE1-88AC-C2D2662BAB59">
<createdBy>ansonwong</createdBy>
<createdTime>2023-09-12 19:28:25 UTC</createdTime>
<commentInRDBMS><![CDATA[Drug Name]]></commentInRDBMS>
<ownerDesignName>Logical_model</ownerDesignName>
<engineerTo>
<item key="E6188D59-D74F-48AE-8122-E18BB5017B06" value="true"/>
</engineerTo>
<useDomainConstraints>false</useDomainConstraints>
<use>1</use>
<logicalDatatype>LOGDT024</logicalDatatype>
<dataTypeSize>15</dataTypeSize>
<ownDataTypeParameters>15,,</ownDataTypeParameters>
</Attribute>
<Attribute name="drug_usage_instruc" id="AAA359CF-5F3A-E397-133F-66BF7D8393DE">
<createdBy>ansonwong</createdBy>
<createdTime>2023-09-12 19:29:27 UTC</createdTime>
<commentInRDBMS><![CDATA[Drug Usage Instruction]]></commentInRDBMS>
<ownerDesignName>Logical_model</ownerDesignName>
<engineerTo>
<item key="E6188D59-D74F-48AE-8122-E18BB5017B06" value="true"/>
</engineerTo>
<useDomainConstraints>false</useDomainConstraints>
<use>1</use>
<logicalDatatype>LOGDT024</logicalDatatype>
<dataTypeSize>50</dataTypeSize>
<ownDataTypeParameters>50,,</ownDataTypeParameters>
</Attribute>
<Attribute name="drug_cost" id="1DE232DB-9633-C6D6-D440-620201A65E00">
<createdBy>ansonwong</createdBy>
<createdTime>2023-09-13 19:31:13 UTC</createdTime>
<commentInRDBMS><![CDATA[Drug standard cost]]></commentInRDBMS>
<ownerDesignName>Logical_model</ownerDesignName>
<engineerTo>
<item key="E6188D59-D74F-48AE-8122-E18BB5017B06" value="true"/>
</engineerTo>
<useDomainConstraints>false</useDomainConstraints>
<use>1</use>
<logicalDatatype>LOGDT019</logicalDatatype>
<dataTypePrecision>4</dataTypePrecision>
<dataTypeScale>2</dataTypeScale>
<ownDataTypeParameters>,4,2</ownDataTypeParameters>
</Attribute>
</attributes>
<identifiers itemClass="oracle.dbtools.crest.model.design.logical.CandidateKey">
<identifier id="17850FC7-BFA6-65FE-F569-ACFF7746B6E8" name="DRUG PK">
<createdBy>ansonwong</createdBy>
<createdTime>2023-09-12 19:28:21 UTC</createdTime>
<ownerDesignName>Logical_model</ownerDesignName>
<shouldEngineer>false</shouldEngineer>
<engineerTo>
<item key="E6188D59-D74F-48AE-8122-E18BB5017B06" value="false"/>
</engineerTo>
<pk>true</pk>
<usedAttributes>
<attributeRef>CAFC5325-8D5C-D552-76E7-623FFAA4205D</attributeRef>
</usedAttributes>
</identifier>
</identifiers>
</Entity>
