<?xml version = '1.0' encoding = 'UTF-8'?>
<Entity class="oracle.dbtools.crest.model.design.logical.Entity" directorySegmentName="seg_0" id="095C025C-9A4B-DFA9-B747-86B06C826FA5" name="PETTYPE">
<createdBy>Asus</createdBy>
<createdTime>2023-09-13 07:48:04 UTC</createdTime>
<ownerDesignName>Logical_model</ownerDesignName>
<engineerTo>
<item key="E6188D59-D74F-48AE-8122-E18BB5017B06" value="true"/>
</engineerTo>
<adequatelyNormalized>NO</adequatelyNormalized>
<expectedVolumes>0</expectedVolumes>
<fwdEngineeringStrategyName>Single Table</fwdEngineeringStrategyName>
<growthPercent>0</growthPercent>
<growthType>Year</growthType>
<maxVolumes>9999999</maxVolumes>
<minVolumes>0</minVolumes>
<normalForm>Third</normalForm>
<attributes itemClass="oracle.dbtools.crest.model.design.logical.Attribute">
<Attribute name="pet_type_id" id="B399CA51-0B93-28FE-E814-3443979A4A8C">
<createdBy>Asus</createdBy>
<createdTime>2023-09-13 07:57:30 UTC</createdTime>
<commentInRDBMS><![CDATA[Pet type id]]></commentInRDBMS>
<ownerDesignName>Logical_model</ownerDesignName>
<engineerTo>
<item key="E6188D59-D74F-48AE-8122-E18BB5017B06" value="true"/>
</engineerTo>
<useDomainConstraints>false</useDomainConstraints>
<use>1</use>
<logicalDatatype>LOGDT019</logicalDatatype>
<dataTypePrecision>4</dataTypePrecision>
<ownDataTypeParameters>,4,</ownDataTypeParameters>
</Attribute>
<Attribute name="pet_type_name" id="60C5C2CF-C5DC-7152-DD33-03DC182093DE">
<createdBy>Asus</createdBy>
<createdTime>2023-09-13 07:48:19 UTC</createdTime>
<commentInRDBMS><![CDATA[Pet animal type]]></commentInRDBMS>
<ownerDesignName>Logical_model</ownerDesignName>
<engineerTo>
<item key="E6188D59-D74F-48AE-8122-E18BB5017B06" value="true"/>
</engineerTo>
<useDomainConstraints>false</useDomainConstraints>
<use>1</use>
<logicalDatatype>LOGDT024</logicalDatatype>
<dataTypeSize>10</dataTypeSize>
<ownDataTypeParameters>10,,</ownDataTypeParameters>
</Attribute>
</attributes>
<identifiers itemClass="oracle.dbtools.crest.model.design.logical.CandidateKey">
<identifier id="34DE8BC4-9A8B-7584-A156-C2CC50AC6872" name="PETTYPE PK">
<createdBy>Asus</createdBy>
<createdTime>2023-09-13 07:50:32 UTC</createdTime>
<ownerDesignName>Logical_model</ownerDesignName>
<shouldEngineer>false</shouldEngineer>
<engineerTo>
<item key="E6188D59-D74F-48AE-8122-E18BB5017B06" value="false"/>
</engineerTo>
<pk>true</pk>
<usedAttributes>
<attributeRef>B399CA51-0B93-28FE-E814-3443979A4A8C</attributeRef>
</usedAttributes>
</identifier>
</identifiers>
</Entity>
