<?xml version = '1.0' encoding = 'UTF-8'?>
<Entity class="oracle.dbtools.crest.model.design.logical.Entity" directorySegmentName="seg_0" id="351CA9B4-537D-A1F7-D627-7CF26FCA6CD8" name="TRAINING">
<createdBy>DavidL</createdBy>
<createdTime>2023-09-12 09:50:43 UTC</createdTime>
<ownerDesignName>Logical_model</ownerDesignName>
<engineerTo>
<item key="E6188D59-D74F-48AE-8122-E18BB5017B06" value="true"/>
</engineerTo>
<adequatelyNormalized>NO</adequatelyNormalized>
<expectedVolumes>0</expectedVolumes>
<fwdEngineeringStrategyName>Single Table</fwdEngineeringStrategyName>
<growthPercent>0</growthPercent>
<growthType>Year</growthType>
<maxVolumes>9999999</maxVolumes>
<minVolumes>0</minVolumes>
<normalForm>Third</normalForm>
<attributes itemClass="oracle.dbtools.crest.model.design.logical.Attribute">
<Attribute name="train_id" id="5344EB2F-E5FC-460E-C111-AF54A781B441">
<createdBy>DavidL</createdBy>
<createdTime>2023-09-12 09:50:50 UTC</createdTime>
<commentInRDBMS><![CDATA[Train course id]]></commentInRDBMS>
<ownerDesignName>Logical_model</ownerDesignName>
<engineerTo>
<item key="E6188D59-D74F-48AE-8122-E18BB5017B06" value="true"/>
</engineerTo>
<useDomainConstraints>false</useDomainConstraints>
<use>1</use>
<logicalDatatype>LOGDT019</logicalDatatype>
<dataTypePrecision>4</dataTypePrecision>
<ownDataTypeParameters>,4,</ownDataTypeParameters>
</Attribute>
<Attribute name="train_date" id="EAA8E971-6A4D-C5B7-FC35-878F7ACB9E14">
<createdBy>DavidL</createdBy>
<createdTime>2023-09-12 09:53:01 UTC</createdTime>
<commentInRDBMS><![CDATA[Training date]]></commentInRDBMS>
<ownerDesignName>Logical_model</ownerDesignName>
<engineerTo>
<item key="E6188D59-D74F-48AE-8122-E18BB5017B06" value="true"/>
</engineerTo>
<useDomainConstraints>false</useDomainConstraints>
<use>1</use>
<logicalDatatype>LOGDT007</logicalDatatype>
<ownDataTypeParameters>,,</ownDataTypeParameters>
</Attribute>
<Attribute name="clinic_id" id="EEA7A76F-4FCF-2C5B-2945-510DFA425D4C">
<createdBy>DavidL</createdBy>
<createdTime>2023-09-12 10:38:04 UTC</createdTime>
<commentInRDBMS><![CDATA[clinic id]]></commentInRDBMS>
<generatorID>0CC4E962-9D92-0A2C-77DE-D34EC8B6275D</generatorID>
<ownerDesignName>Logical_model</ownerDesignName>
<engineerTo>
<item key="E6188D59-D74F-48AE-8122-E18BB5017B06" value="true"/>
</engineerTo>
<referedAttribute>62114BAE-163B-E9A7-A5A7-6626FB488402</referedAttribute>
<useDomainConstraints>false</useDomainConstraints>
<use>1</use>
<logicalDatatype>LOGDT019</logicalDatatype>
<dataTypePrecision>4</dataTypePrecision>
<ownDataTypeParameters>,4,</ownDataTypeParameters>
</Attribute>
<Attribute name="vet_id" id="58436F08-6DD6-C43A-A855-AD230398D902">
<createdBy>DavidL</createdBy>
<createdTime>2023-09-12 10:38:24 UTC</createdTime>
<commentInRDBMS><![CDATA[vet id]]></commentInRDBMS>
<generatorID>5D2560BB-EF6E-EDD9-9B55-0A4E962A2948</generatorID>
<ownerDesignName>Logical_model</ownerDesignName>
<engineerTo>
<item key="E6188D59-D74F-48AE-8122-E18BB5017B06" value="true"/>
</engineerTo>
<referedAttribute>8552B1F0-A47B-1C77-E6E5-B3A2BBF09E40</referedAttribute>
<useDomainConstraints>false</useDomainConstraints>
<use>1</use>
<logicalDatatype>LOGDT019</logicalDatatype>
<dataTypePrecision>4</dataTypePrecision>
<ownDataTypeParameters>,4,</ownDataTypeParameters>
</Attribute>
<Attribute name="train_title" id="AA570F40-F573-5B79-ABBD-669518BC3941">
<createdBy>DavidL</createdBy>
<createdTime>2023-09-12 09:51:01 UTC</createdTime>
<commentInRDBMS><![CDATA[Train course title]]></commentInRDBMS>
<ownerDesignName>Logical_model</ownerDesignName>
<engineerTo>
<item key="E6188D59-D74F-48AE-8122-E18BB5017B06" value="true"/>
</engineerTo>
<useDomainConstraints>false</useDomainConstraints>
<use>1</use>
<logicalDatatype>LOGDT024</logicalDatatype>
<dataTypeSize>15</dataTypeSize>
<ownDataTypeParameters>15,,</ownDataTypeParameters>
</Attribute>
<Attribute name="train_duration" id="EBBBEC9F-0939-89F4-8C44-D9E3F21F8E29">
<createdBy>DavidL</createdBy>
<createdTime>2023-09-12 09:51:20 UTC</createdTime>
<commentInRDBMS><![CDATA[Train course duration (hrs)]]></commentInRDBMS>
<ownerDesignName>Logical_model</ownerDesignName>
<engineerTo>
<item key="E6188D59-D74F-48AE-8122-E18BB5017B06" value="true"/>
</engineerTo>
<useDomainConstraints>false</useDomainConstraints>
<use>1</use>
<logicalDatatype>LOGDT019</logicalDatatype>
<dataTypePrecision>2</dataTypePrecision>
<dataTypeScale>1</dataTypeScale>
<ownDataTypeParameters>,2,1</ownDataTypeParameters>
</Attribute>
</attributes>
<identifiers itemClass="oracle.dbtools.crest.model.design.logical.CandidateKey">
<identifier id="319B3B13-5119-10D2-7221-A9836B5A5B1B" name="TRAINING PK">
<createdBy>DavidL</createdBy>
<createdTime>2023-09-12 09:50:59 UTC</createdTime>
<ownerDesignName>Logical_model</ownerDesignName>
<shouldEngineer>false</shouldEngineer>
<engineerTo>
<item key="E6188D59-D74F-48AE-8122-E18BB5017B06" value="false"/>
</engineerTo>
<pk>true</pk>
<usedAttributes>
<attributeRef>5344EB2F-E5FC-460E-C111-AF54A781B441</attributeRef>
</usedAttributes>
</identifier>
<identifier id="8D76EA8D-463C-7777-F52A-9B3194CE0CB4" name="TRAINING_NK">
<createdBy>ansonwong</createdBy>
<createdTime>2023-09-14 05:27:16 UTC</createdTime>
<ownerDesignName>Logical_model</ownerDesignName>
<shouldEngineer>false</shouldEngineer>
<engineerTo>
<item key="E6188D59-D74F-48AE-8122-E18BB5017B06" value="false"/>
</engineerTo>
<newElementsIDs>EEA7A76F-4FCF-2C5B-2945-510DFA425D4C,58436F08-6DD6-C43A-A855-AD230398D902,EAA8E971-6A4D-C5B7-FC35-878F7ACB9E14</newElementsIDs>
<usedAttributes>
<attributeRef>EEA7A76F-4FCF-2C5B-2945-510DFA425D4C</attributeRef>
<attributeRef>58436F08-6DD6-C43A-A855-AD230398D902</attributeRef>
<attributeRef>EAA8E971-6A4D-C5B7-FC35-878F7ACB9E14</attributeRef>
</usedAttributes>
</identifier>
</identifiers>
</Entity>
