<?xml version = '1.0' encoding = 'UTF-8'?>
<Entity class="oracle.dbtools.crest.model.design.logical.Entity" directorySegmentName="seg_0" id="5C1E6F4C-BE36-C564-AEC2-42AC41FF3EB6" name="CLINIC">
<createdBy>DavidL</createdBy>
<createdTime>2023-09-12 10:01:05 UTC</createdTime>
<ownerDesignName>Logical_model</ownerDesignName>
<engineerTo>
<item key="E6188D59-D74F-48AE-8122-E18BB5017B06" value="true"/>
</engineerTo>
<adequatelyNormalized>NO</adequatelyNormalized>
<expectedVolumes>0</expectedVolumes>
<fwdEngineeringStrategyName>Single Table</fwdEngineeringStrategyName>
<growthPercent>0</growthPercent>
<growthType>Year</growthType>
<maxVolumes>9999999</maxVolumes>
<minVolumes>0</minVolumes>
<normalForm>Third</normalForm>
<attributes itemClass="oracle.dbtools.crest.model.design.logical.Attribute">
<Attribute name="clinic_id" id="62114BAE-163B-E9A7-A5A7-6626FB488402">
<createdBy>DavidL</createdBy>
<createdTime>2023-09-12 10:01:12 UTC</createdTime>
<commentInRDBMS><![CDATA[clinic id]]></commentInRDBMS>
<ownerDesignName>Logical_model</ownerDesignName>
<engineerTo>
<item key="E6188D59-D74F-48AE-8122-E18BB5017B06" value="true"/>
</engineerTo>
<useDomainConstraints>false</useDomainConstraints>
<use>1</use>
<logicalDatatype>LOGDT019</logicalDatatype>
<dataTypePrecision>4</dataTypePrecision>
<ownDataTypeParameters>,4,</ownDataTypeParameters>
</Attribute>
<Attribute name="clinic_name" id="78C271EF-34B8-5E75-F01F-671A1C5A4B85">
<createdBy>DavidL</createdBy>
<createdTime>2023-09-12 10:01:31 UTC</createdTime>
<commentInRDBMS><![CDATA[clinic name]]></commentInRDBMS>
<ownerDesignName>Logical_model</ownerDesignName>
<engineerTo>
<item key="E6188D59-D74F-48AE-8122-E18BB5017B06" value="true"/>
</engineerTo>
<useDomainConstraints>false</useDomainConstraints>
<use>1</use>
<logicalDatatype>LOGDT024</logicalDatatype>
<dataTypeSize>15</dataTypeSize>
<ownDataTypeParameters>15,,</ownDataTypeParameters>
</Attribute>
<Attribute name="clinic addr" id="9EAF4CA7-C986-DDB4-E2C6-7CFE2C87CA33">
<createdBy>DavidL</createdBy>
<createdTime>2023-09-12 10:01:50 UTC</createdTime>
<commentInRDBMS><![CDATA[clinic address]]></commentInRDBMS>
<ownerDesignName>Logical_model</ownerDesignName>
<engineerTo>
<item key="E6188D59-D74F-48AE-8122-E18BB5017B06" value="true"/>
</engineerTo>
<useDomainConstraints>false</useDomainConstraints>
<use>1</use>
<logicalDatatype>LOGDT024</logicalDatatype>
<dataTypeSize>50</dataTypeSize>
<ownDataTypeParameters>50,,</ownDataTypeParameters>
</Attribute>
<Attribute name="clinic_phone_no" id="8131E37B-5462-E3D5-5A09-91F5A4706499">
<createdBy>DavidL</createdBy>
<createdTime>2023-09-12 10:02:17 UTC</createdTime>
<commentInRDBMS><![CDATA[clinic phone number]]></commentInRDBMS>
<ownerDesignName>Logical_model</ownerDesignName>
<engineerTo>
<item key="E6188D59-D74F-48AE-8122-E18BB5017B06" value="true"/>
</engineerTo>
<useDomainConstraints>false</useDomainConstraints>
<use>1</use>
<logicalDatatype>LOGDT019</logicalDatatype>
<dataTypePrecision>10</dataTypePrecision>
<ownDataTypeParameters>,10,</ownDataTypeParameters>
</Attribute>
<Attribute name="vet_id" id="32090A6D-DD96-0C7F-8C45-B808392FE6CE">
<createdBy>DavidL</createdBy>
<createdTime>2023-09-12 10:04:40 UTC</createdTime>
<commentInRDBMS><![CDATA[vet id]]></commentInRDBMS>
<generatorID>83D56423-6A94-B6F0-7A86-12A2CD2A17D1</generatorID>
<ownerDesignName>Logical_model</ownerDesignName>
<engineerTo>
<item key="E6188D59-D74F-48AE-8122-E18BB5017B06" value="true"/>
</engineerTo>
<referedAttribute>8552B1F0-A47B-1C77-E6E5-B3A2BBF09E40</referedAttribute>
<useDomainConstraints>false</useDomainConstraints>
<use>1</use>
<logicalDatatype>LOGDT019</logicalDatatype>
<dataTypePrecision>4</dataTypePrecision>
<ownDataTypeParameters>,4,</ownDataTypeParameters>
</Attribute>
</attributes>
<identifiers itemClass="oracle.dbtools.crest.model.design.logical.CandidateKey">
<identifier id="8309E946-8CB0-F182-FCE3-B7F3348C6464" name="CLINIC PK">
<createdBy>DavidL</createdBy>
<createdTime>2023-09-12 10:01:25 UTC</createdTime>
<ownerDesignName>Logical_model</ownerDesignName>
<shouldEngineer>false</shouldEngineer>
<engineerTo>
<item key="E6188D59-D74F-48AE-8122-E18BB5017B06" value="false"/>
</engineerTo>
<pk>true</pk>
<usedAttributes>
<attributeRef>62114BAE-163B-E9A7-A5A7-6626FB488402</attributeRef>
</usedAttributes>
</identifier>
</identifiers>
</Entity>
