<?xml version = '1.0' encoding = 'UTF-8'?>
<Entity class="oracle.dbtools.crest.model.design.logical.Entity" directorySegmentName="seg_0" id="9C569FD0-762C-17EC-E27A-6703924A7EA9" name="SERVICES">
<createdBy>ansonwong</createdBy>
<createdTime>2023-09-12 19:25:20 UTC</createdTime>
<ownerDesignName>Logical_model</ownerDesignName>
<engineerTo>
<item key="E6188D59-D74F-48AE-8122-E18BB5017B06" value="true"/>
</engineerTo>
<adequatelyNormalized>NO</adequatelyNormalized>
<expectedVolumes>0</expectedVolumes>
<fwdEngineeringStrategyName>Single Table</fwdEngineeringStrategyName>
<growthPercent>0</growthPercent>
<growthType>Year</growthType>
<maxVolumes>9999999</maxVolumes>
<minVolumes>0</minVolumes>
<normalForm>Third</normalForm>
<attributes itemClass="oracle.dbtools.crest.model.design.logical.Attribute">
<Attribute name="service_code" id="FB2AF5C5-AC16-823D-2EFB-7E3C3EBF8CD0">
<createdBy>ansonwong</createdBy>
<createdTime>2023-09-12 19:25:28 UTC</createdTime>
<commentInRDBMS><![CDATA[service code]]></commentInRDBMS>
<ownerDesignName>Logical_model</ownerDesignName>
<engineerTo>
<item key="E6188D59-D74F-48AE-8122-E18BB5017B06" value="true"/>
</engineerTo>
<useDomainConstraints>false</useDomainConstraints>
<use>1</use>
<logicalDatatype>LOGDT024</logicalDatatype>
<dataTypeSize>5</dataTypeSize>
<ownDataTypeParameters>5,,</ownDataTypeParameters>
</Attribute>
<Attribute name="service_desc" id="61007D87-B2D3-1C1A-6D41-EBED5C50FEC8">
<createdBy>ansonwong</createdBy>
<createdTime>2023-09-12 19:25:44 UTC</createdTime>
<commentInRDBMS><![CDATA[service description]]></commentInRDBMS>
<ownerDesignName>Logical_model</ownerDesignName>
<engineerTo>
<item key="E6188D59-D74F-48AE-8122-E18BB5017B06" value="true"/>
</engineerTo>
<useDomainConstraints>false</useDomainConstraints>
<use>1</use>
<logicalDatatype>LOGDT024</logicalDatatype>
<dataTypeSize>50</dataTypeSize>
<ownDataTypeParameters>50,,</ownDataTypeParameters>
</Attribute>
<Attribute name="service_cost" id="9E6C46A7-2AB9-35B1-5B84-4A661B3C53A4">
<createdBy>ansonwong</createdBy>
<createdTime>2023-09-13 20:04:49 UTC</createdTime>
<commentInRDBMS><![CDATA[Service standard charge]]></commentInRDBMS>
<ownerDesignName>Logical_model</ownerDesignName>
<engineerTo>
<item key="E6188D59-D74F-48AE-8122-E18BB5017B06" value="true"/>
</engineerTo>
<useDomainConstraints>false</useDomainConstraints>
<use>1</use>
<logicalDatatype>LOGDT019</logicalDatatype>
<dataTypePrecision>4</dataTypePrecision>
<dataTypeScale>2</dataTypeScale>
<ownDataTypeParameters>,4,2</ownDataTypeParameters>
</Attribute>
</attributes>
<identifiers itemClass="oracle.dbtools.crest.model.design.logical.CandidateKey">
<identifier id="691F3AD3-B337-0DFF-77A2-70E896F9D69E" name="SERVICE PK">
<createdBy>ansonwong</createdBy>
<createdTime>2023-09-12 19:25:40 UTC</createdTime>
<ownerDesignName>Logical_model</ownerDesignName>
<shouldEngineer>false</shouldEngineer>
<engineerTo>
<item key="E6188D59-D74F-48AE-8122-E18BB5017B06" value="false"/>
</engineerTo>
<pk>true</pk>
<usedAttributes>
<attributeRef>FB2AF5C5-AC16-823D-2EFB-7E3C3EBF8CD0</attributeRef>
</usedAttributes>
</identifier>
</identifiers>
</Entity>
