<?xml version = '1.0' encoding = 'UTF-8'?>
<Entity class="oracle.dbtools.crest.model.design.logical.Entity" directorySegmentName="seg_0" id="BE098781-3038-8713-E96A-C48EEDD92114" name="VET">
<createdBy>DavidL</createdBy>
<createdTime>2023-09-12 09:56:40 UTC</createdTime>
<ownerDesignName>Logical_model</ownerDesignName>
<engineerTo>
<item key="E6188D59-D74F-48AE-8122-E18BB5017B06" value="true"/>
</engineerTo>
<adequatelyNormalized>NO</adequatelyNormalized>
<expectedVolumes>0</expectedVolumes>
<fwdEngineeringStrategyName>Single Table</fwdEngineeringStrategyName>
<growthPercent>0</growthPercent>
<growthType>Year</growthType>
<maxVolumes>9999999</maxVolumes>
<minVolumes>0</minVolumes>
<normalForm>Third</normalForm>
<attributes itemClass="oracle.dbtools.crest.model.design.logical.Attribute">
<Attribute name="vet_id" id="8552B1F0-A47B-1C77-E6E5-B3A2BBF09E40">
<createdBy>DavidL</createdBy>
<createdTime>2023-09-12 09:56:45 UTC</createdTime>
<commentInRDBMS><![CDATA[vet id]]></commentInRDBMS>
<ownerDesignName>Logical_model</ownerDesignName>
<engineerTo>
<item key="E6188D59-D74F-48AE-8122-E18BB5017B06" value="true"/>
</engineerTo>
<useDomainConstraints>false</useDomainConstraints>
<use>1</use>
<logicalDatatype>LOGDT019</logicalDatatype>
<dataTypePrecision>4</dataTypePrecision>
<ownDataTypeParameters>,4,</ownDataTypeParameters>
</Attribute>
<Attribute name="vet_given_name" id="9894D4BF-01FC-0CF4-C787-E6389B7830F0">
<createdBy>DavidL</createdBy>
<createdTime>2023-09-12 09:58:08 UTC</createdTime>
<commentInRDBMS><![CDATA[vet given name]]></commentInRDBMS>
<ownerDesignName>Logical_model</ownerDesignName>
<engineerTo>
<item key="E6188D59-D74F-48AE-8122-E18BB5017B06" value="true"/>
</engineerTo>
<nullsAllowed>true</nullsAllowed>
<useDomainConstraints>false</useDomainConstraints>
<use>1</use>
<logicalDatatype>LOGDT024</logicalDatatype>
<dataTypeSize>10</dataTypeSize>
<ownDataTypeParameters>10,,</ownDataTypeParameters>
</Attribute>
<Attribute name="vet_fam_name" id="D391EE9D-5BD8-0854-9C73-A096E5E9B6DF">
<createdBy>DavidL</createdBy>
<createdTime>2023-09-12 09:58:34 UTC</createdTime>
<commentInRDBMS><![CDATA[vet family name]]></commentInRDBMS>
<ownerDesignName>Logical_model</ownerDesignName>
<engineerTo>
<item key="E6188D59-D74F-48AE-8122-E18BB5017B06" value="true"/>
</engineerTo>
<useDomainConstraints>false</useDomainConstraints>
<use>1</use>
<logicalDatatype>LOGDT024</logicalDatatype>
<dataTypeSize>10</dataTypeSize>
<ownDataTypeParameters>10,,</ownDataTypeParameters>
</Attribute>
<Attribute name="vet_date_employed" id="F3F1C025-C8EF-AC07-B5CC-FBE69F9B5B7D">
<createdBy>DavidL</createdBy>
<createdTime>2023-09-12 09:58:59 UTC</createdTime>
<commentInRDBMS><![CDATA[vet employed date]]></commentInRDBMS>
<ownerDesignName>Logical_model</ownerDesignName>
<engineerTo>
<item key="E6188D59-D74F-48AE-8122-E18BB5017B06" value="true"/>
</engineerTo>
<useDomainConstraints>false</useDomainConstraints>
<use>1</use>
<logicalDatatype>LOGDT007</logicalDatatype>
<ownDataTypeParameters>,,</ownDataTypeParameters>
</Attribute>
<Attribute name="vet_phone_no" id="BD94CAE8-FD82-5B6F-3809-7EFB5DD3DCD5">
<createdBy>DavidL</createdBy>
<createdTime>2023-09-12 09:59:30 UTC</createdTime>
<commentInRDBMS><![CDATA[vet phone number]]></commentInRDBMS>
<ownerDesignName>Logical_model</ownerDesignName>
<engineerTo>
<item key="E6188D59-D74F-48AE-8122-E18BB5017B06" value="true"/>
</engineerTo>
<useDomainConstraints>false</useDomainConstraints>
<use>1</use>
<logicalDatatype>LOGDT025</logicalDatatype>
<dataTypeSize>10</dataTypeSize>
<ownDataTypeParameters>10,,</ownDataTypeParameters>
</Attribute>
<Attribute name="clinic_id" id="8375EA82-9D6A-CDB3-0D7D-6FA219FF3DDC">
<createdBy>DavidL</createdBy>
<createdTime>2023-09-12 10:44:07 UTC</createdTime>
<commentInRDBMS><![CDATA[clinic id]]></commentInRDBMS>
<generatorID>896A2299-0CF6-CEE2-5951-3E0306102A15</generatorID>
<ownerDesignName>Logical_model</ownerDesignName>
<engineerTo>
<item key="E6188D59-D74F-48AE-8122-E18BB5017B06" value="true"/>
</engineerTo>
<referedAttribute>62114BAE-163B-E9A7-A5A7-6626FB488402</referedAttribute>
<useDomainConstraints>false</useDomainConstraints>
<use>1</use>
<logicalDatatype>LOGDT019</logicalDatatype>
<dataTypePrecision>4</dataTypePrecision>
<ownDataTypeParameters>,4,</ownDataTypeParameters>
</Attribute>
<Attribute name="spec_id" id="BC372ACA-EF4B-B398-BF9B-F34E255E8843">
<createdBy>Asus</createdBy>
<createdTime>2023-09-13 07:52:27 UTC</createdTime>
<commentInRDBMS><![CDATA[specialisation id]]></commentInRDBMS>
<generatorID>75554F5D-EED4-DB64-AC7F-1D9E3B2C6A23</generatorID>
<ownerDesignName>Logical_model</ownerDesignName>
<engineerTo>
<item key="E6188D59-D74F-48AE-8122-E18BB5017B06" value="true"/>
</engineerTo>
<referedAttribute>942CE82B-8B83-4205-5763-E45BE80D414B</referedAttribute>
<useDomainConstraints>false</useDomainConstraints>
<use>1</use>
<logicalDatatype>LOGDT019</logicalDatatype>
<dataTypePrecision>4</dataTypePrecision>
<ownDataTypeParameters>,4,</ownDataTypeParameters>
</Attribute>
</attributes>
<identifiers itemClass="oracle.dbtools.crest.model.design.logical.CandidateKey">
<identifier id="86278981-FD1F-45E2-1E54-140B38AF1F3E" name="VET PK">
<createdBy>DavidL</createdBy>
<createdTime>2023-09-12 09:56:52 UTC</createdTime>
<ownerDesignName>Logical_model</ownerDesignName>
<shouldEngineer>false</shouldEngineer>
<engineerTo>
<item key="E6188D59-D74F-48AE-8122-E18BB5017B06" value="false"/>
</engineerTo>
<pk>true</pk>
<usedAttributes>
<attributeRef>8552B1F0-A47B-1C77-E6E5-B3A2BBF09E40</attributeRef>
</usedAttributes>
</identifier>
</identifiers>
</Entity>
