<?xml version = '1.0' encoding = 'UTF-8'?>
<Diagram class="oracle.dbtools.crest.swingui.relational.DPVRelational" name="Relational_1" id="9EB0B7E7-D156-51F7-0AA0-C137EFD25EC0">
<createdBy>DavidL</createdBy>
<modifiedBy>DavidL</modifiedBy>
<createdTime>2023-09-12 09:42:33 UTC</createdTime>
<autoRoute>false</autoRoute>
<boxInbox>true</boxInbox>
<showLegend>false</showLegend>
<showLabels>false</showLabels>
<showRelAttributes>false</showRelAttributes>
<gridEnabled>false</gridEnabled>
<showGrid>false</showGrid>
<diagramColor>-1</diagramColor>
<display>false</display>
<notation>1</notation>
<objectViews>
<OView class="oracle.dbtools.crest.swingui.relational.TVTable" oid="0F042061-36B0-699B-DE09-687AFA464F27" otype="Table" vid="430FAC7D-C95D-A91C-6981-49313B9877B4">
<hideElementsInCurrentOnly>false</hideElementsInCurrentOnly>
<bounds x="421" y="839" width="170" height="123"/>
</OView>
<OView class="oracle.dbtools.crest.swingui.relational.TVTable" oid="11841583-0A13-8E31-D38B-ECFAF2D5490D" otype="Table" vid="A9280746-867D-9B7C-288D-BF973C12F964">
<hideElementsInCurrentOnly>false</hideElementsInCurrentOnly>
<bounds x="187" y="363" width="186" height="152"/>
</OView>
<OView class="oracle.dbtools.crest.swingui.relational.TVTable" oid="11CE163D-82E6-BE42-8321-F9CFF7513B8D" otype="Table" vid="498BFFE9-6D4D-530F-B138-59DAE6FB7E22">
<hideElementsInCurrentOnly>false</hideElementsInCurrentOnly>
<bounds x="210" y="146" width="170" height="110"/>
</OView>
<OView class="oracle.dbtools.crest.swingui.relational.TVTable" oid="200967D3-B4BA-8217-4D92-1F0B8B246FF9" otype="Table" vid="AAFDFD37-0515-F86E-EDA1-A2010DEDBAD8">
<hideElementsInCurrentOnly>false</hideElementsInCurrentOnly>
<bounds x="1054" y="580" width="170" height="111"/>
</OView>
<OView class="oracle.dbtools.crest.swingui.relational.TVTable" oid="231EBB7C-1358-C565-575E-5B2859B8BA31" otype="Table" vid="7026236C-FAD1-5D10-F1EC-7377D6F744BA">
<hideElementsInCurrentOnly>false</hideElementsInCurrentOnly>
<bounds x="748" y="555" width="170" height="110"/>
</OView>
<OView class="oracle.dbtools.crest.swingui.relational.TVTable" oid="3A5F1C06-B923-FD34-4387-08C4801B4D1E" otype="Table" vid="A9CA7472-9F5E-83BD-D830-DF39443426A7">
<hideElementsInCurrentOnly>false</hideElementsInCurrentOnly>
<bounds x="621" y="386" width="170" height="126"/>
</OView>
<OView class="oracle.dbtools.crest.swingui.relational.TVTable" oid="3D209231-4B07-B93B-CB64-F599B608BC78" otype="Table" vid="DBB38DF7-8394-8498-F3F3-8D46E0F180E5">
<hideElementsInCurrentOnly>false</hideElementsInCurrentOnly>
<bounds x="702" y="774" width="188" height="124"/>
</OView>
<OView class="oracle.dbtools.crest.swingui.relational.TVTable" oid="82963FEC-A43C-7586-D51A-A6BCF1BBF290" otype="Table" vid="EC9ECA0C-B297-29FA-42B6-7EEAD67541CF">
<hideElementsInCurrentOnly>false</hideElementsInCurrentOnly>
<bounds x="416" y="556" width="210" height="180"/>
</OView>
<OView class="oracle.dbtools.crest.swingui.relational.TVTable" oid="8CFAD8FB-CA4B-2A18-127F-0FBF2884A2C8" otype="Table" vid="5B98CD61-39F4-9110-CC63-A85940179B42">
<hideElementsInCurrentOnly>false</hideElementsInCurrentOnly>
<bounds x="187" y="818" width="170" height="112"/>
</OView>
<OView class="oracle.dbtools.crest.swingui.relational.TVTable" oid="9B561FFE-FA8D-7BD1-2F39-864FB9D0B872" otype="Table" vid="9FCAB75D-5BB6-767D-2846-BF98C983DC7F">
<hideElementsInCurrentOnly>false</hideElementsInCurrentOnly>
<bounds x="451" y="1028" width="170" height="111"/>
</OView>
<OView class="oracle.dbtools.crest.swingui.relational.TVTable" oid="D0DA9035-543C-5B05-CB62-561516A63C9D" otype="Table" vid="A6AE0733-5E75-D3E8-17F6-DA47B499291D">
<hideElementsInCurrentOnly>false</hideElementsInCurrentOnly>
<bounds x="719" y="970" width="170" height="110"/>
</OView>
<OView class="oracle.dbtools.crest.swingui.relational.TVTable" oid="DCA686B9-1ECA-3FB3-DFEE-9BD1F6CD8116" otype="Table" vid="069229D3-7AD9-4CE0-EC35-24A23AB5DA5D">
<hideElementsInCurrentOnly>false</hideElementsInCurrentOnly>
<bounds x="561" y="110" width="190" height="123"/>
</OView>
<OView class="oracle.dbtools.crest.swingui.relational.TVTable" oid="F2317957-D7B5-4CB6-0AD3-8E052EE32593" otype="Table" vid="D0130871-CB5E-B688-5799-2FBCE3533466">
<hideElementsInCurrentOnly>false</hideElementsInCurrentOnly>
<bounds x="181" y="584" width="170" height="110"/>
</OView>
</objectViews>
<connectors>
<Connector class="oracle.dbtools.crest.swingui.relational.TVFKRelation" oid="1D07BC11-EBBC-584E-E87B-8D1569B563F7" otype="FKIndexAssociation" vid_source="430FAC7D-C95D-A91C-6981-49313B9877B4" vid_target="EC9ECA0C-B297-29FA-42B6-7EEAD67541CF">
<hideElementsInCurrentOnly>false</hideElementsInCurrentOnly>
<backgroundColor>-16777216</backgroundColor>
<lineWidth>1</lineWidth>
<points>
<point x="506" y="839"/>
<point x="497" y="736"/>
</points>
</Connector>
<Connector class="oracle.dbtools.crest.swingui.relational.TVFKRelation" oid="27483622-4B6E-253B-7429-7F93B901878A" otype="FKIndexAssociation" vid_source="069229D3-7AD9-4CE0-EC35-24A23AB5DA5D" vid_target="498BFFE9-6D4D-530F-B138-59DAE6FB7E22">
<hideElementsInCurrentOnly>false</hideElementsInCurrentOnly>
<backgroundColor>-16777216</backgroundColor>
<lineWidth>1</lineWidth>
<points>
<point x="561" y="204"/>
<point x="380" y="204"/>
</points>
</Connector>
<Connector class="oracle.dbtools.crest.swingui.relational.TVFKRelation" oid="28F0C375-B5BA-1411-6C71-6FAEAA502F34" otype="FKIndexAssociation" vid_source="A9CA7472-9F5E-83BD-D830-DF39443426A7" vid_target="EC9ECA0C-B297-29FA-42B6-7EEAD67541CF">
<hideElementsInCurrentOnly>false</hideElementsInCurrentOnly>
<backgroundColor>-16777216</backgroundColor>
<lineWidth>1</lineWidth>
<points>
<point x="623" y="512"/>
<point x="580" y="556"/>
</points>
</Connector>
<Connector class="oracle.dbtools.crest.swingui.relational.TVFKRelation" oid="2D1C1CF8-2A00-AFF9-4B8E-DA3ADF790426" otype="FKIndexAssociation" vid_source="A9CA7472-9F5E-83BD-D830-DF39443426A7" vid_target="069229D3-7AD9-4CE0-EC35-24A23AB5DA5D">
<hideElementsInCurrentOnly>false</hideElementsInCurrentOnly>
<backgroundColor>-16777216</backgroundColor>
<lineWidth>1</lineWidth>
<points>
<point x="686" y="386"/>
<point x="686" y="233"/>
</points>
</Connector>
<Connector class="oracle.dbtools.crest.swingui.relational.TVFKRelation" oid="3298FFEA-C6E9-2986-FAA6-2A90D618668E" otype="FKIndexAssociation" vid_source="9FCAB75D-5BB6-767D-2846-BF98C983DC7F" vid_target="430FAC7D-C95D-A91C-6981-49313B9877B4">
<hideElementsInCurrentOnly>false</hideElementsInCurrentOnly>
<backgroundColor>-16777216</backgroundColor>
<lineWidth>1</lineWidth>
<points>
<point x="521" y="1028"/>
<point x="521" y="962"/>
</points>
</Connector>
<Connector class="oracle.dbtools.crest.swingui.relational.TVFKRelation" oid="3BE20BF2-523A-F795-DD53-8F96309D2DE2" otype="FKIndexAssociation" vid_source="A9280746-867D-9B7C-288D-BF973C12F964" vid_target="069229D3-7AD9-4CE0-EC35-24A23AB5DA5D">
<hideElementsInCurrentOnly>false</hideElementsInCurrentOnly>
<backgroundColor>-16777216</backgroundColor>
<lineWidth>1</lineWidth>
<points>
<point x="373" y="372"/>
<point x="602" y="233"/>
</points>
</Connector>
<Connector class="oracle.dbtools.crest.swingui.relational.TVFKRelation" oid="43D661B6-112B-E5CE-0FD7-8DF070F573EE" otype="FKIndexAssociation" vid_source="5B98CD61-39F4-9110-CC63-A85940179B42" vid_target="430FAC7D-C95D-A91C-6981-49313B9877B4">
<hideElementsInCurrentOnly>false</hideElementsInCurrentOnly>
<backgroundColor>-16777216</backgroundColor>
<lineWidth>1</lineWidth>
<points>
<point x="357" y="884"/>
<point x="421" y="884"/>
</points>
</Connector>
<Connector class="oracle.dbtools.crest.swingui.relational.TVFKRelation" oid="581EF35D-039D-3C08-F071-895153BEB523" otype="FKIndexAssociation" vid_source="D0130871-CB5E-B688-5799-2FBCE3533466" vid_target="A9280746-867D-9B7C-288D-BF973C12F964">
<hideElementsInCurrentOnly>false</hideElementsInCurrentOnly>
<backgroundColor>-16777216</backgroundColor>
<lineWidth>1</lineWidth>
<points>
<point x="269" y="584"/>
<point x="299" y="515"/>
</points>
</Connector>
<Connector class="oracle.dbtools.crest.swingui.relational.TVFKRelation" oid="6ED72737-2401-CA02-1CA0-46AAF23D4421" otype="FKIndexAssociation" vid_source="A9280746-867D-9B7C-288D-BF973C12F964" vid_target="A9CA7472-9F5E-83BD-D830-DF39443426A7">
<hideElementsInCurrentOnly>false</hideElementsInCurrentOnly>
<backgroundColor>-16777216</backgroundColor>
<lineWidth>1</lineWidth>
<points>
<point x="373" y="479"/>
<point x="621" y="464"/>
</points>
</Connector>
<Connector class="oracle.dbtools.crest.swingui.relational.TVFKRelation" oid="6F81C8DC-A89A-C3B8-5CEE-680790178303" otype="FKIndexAssociation" vid_source="A6AE0733-5E75-D3E8-17F6-DA47B499291D" vid_target="DBB38DF7-8394-8498-F3F3-8D46E0F180E5">
<hideElementsInCurrentOnly>false</hideElementsInCurrentOnly>
<backgroundColor>-16777216</backgroundColor>
<lineWidth>1</lineWidth>
<points>
<point x="804" y="970"/>
<point x="804" y="898"/>
</points>
</Connector>
<Connector class="oracle.dbtools.crest.swingui.relational.TVFKRelation" oid="927DB25C-06CD-FB0E-B26D-3C77AC4F5698" otype="FKIndexAssociation" vid_source="A9280746-867D-9B7C-288D-BF973C12F964" vid_target="498BFFE9-6D4D-530F-B138-59DAE6FB7E22">
<hideElementsInCurrentOnly>false</hideElementsInCurrentOnly>
<backgroundColor>-16777216</backgroundColor>
<lineWidth>1</lineWidth>
<points>
<point x="351" y="363"/>
<point x="291" y="256"/>
</points>
</Connector>
<Connector class="oracle.dbtools.crest.swingui.relational.TVFKRelation" oid="92FC42F3-8922-20B8-AA29-81904F660800" otype="FKIndexAssociation" vid_source="AAFDFD37-0515-F86E-EDA1-A2010DEDBAD8" vid_target="7026236C-FAD1-5D10-F1EC-7377D6F744BA">
<hideElementsInCurrentOnly>false</hideElementsInCurrentOnly>
<backgroundColor>-16777216</backgroundColor>
<lineWidth>1</lineWidth>
<points>
<point x="1054" y="622"/>
<point x="918" y="622"/>
</points>
</Connector>
<Connector class="oracle.dbtools.crest.swingui.relational.TVFKRelation" oid="BC1B6334-5ACA-905E-EB64-0CA226338A64" otype="FKIndexAssociation" vid_source="5B98CD61-39F4-9110-CC63-A85940179B42" vid_target="EC9ECA0C-B297-29FA-42B6-7EEAD67541CF">
<hideElementsInCurrentOnly>false</hideElementsInCurrentOnly>
<backgroundColor>-16777216</backgroundColor>
<lineWidth>1</lineWidth>
<points>
<point x="333" y="818"/>
<point x="416" y="700"/>
</points>
</Connector>
<Connector class="oracle.dbtools.crest.swingui.relational.TVFKRelation" oid="BD26B243-2D99-88FC-283B-AE8A886E14CD" otype="FKIndexAssociation" vid_source="A9280746-867D-9B7C-288D-BF973C12F964" vid_target="EC9ECA0C-B297-29FA-42B6-7EEAD67541CF">
<hideElementsInCurrentOnly>false</hideElementsInCurrentOnly>
<backgroundColor>-16777216</backgroundColor>
<lineWidth>1</lineWidth>
<points>
<point x="368" y="515"/>
<point x="416" y="564"/>
</points>
</Connector>
<Connector class="oracle.dbtools.crest.swingui.relational.TVFKRelation" oid="BE5244B8-5FAC-D214-5F8A-E0A37973C089" otype="FKIndexAssociation" vid_source="A9CA7472-9F5E-83BD-D830-DF39443426A7" vid_target="A9280746-867D-9B7C-288D-BF973C12F964">
<hideElementsInCurrentOnly>false</hideElementsInCurrentOnly>
<backgroundColor>-16777216</backgroundColor>
<lineWidth>1</lineWidth>
<points>
<point x="621" y="449"/>
<point x="373" y="389"/>
</points>
</Connector>
<Connector class="oracle.dbtools.crest.swingui.relational.TVFKRelation" oid="CA3E6E44-930F-254F-9C38-E25DD64A118B" otype="FKIndexAssociation" vid_source="EC9ECA0C-B297-29FA-42B6-7EEAD67541CF" vid_target="7026236C-FAD1-5D10-F1EC-7377D6F744BA">
<hideElementsInCurrentOnly>false</hideElementsInCurrentOnly>
<backgroundColor>-16777216</backgroundColor>
<lineWidth>1</lineWidth>
<points>
<point x="626" y="613"/>
<point x="748" y="610"/>
</points>
</Connector>
<Connector class="oracle.dbtools.crest.swingui.relational.TVFKRelation" oid="CC6FA039-17EA-F722-0CC1-320AFED09F80" otype="FKIndexAssociation" vid_source="EC9ECA0C-B297-29FA-42B6-7EEAD67541CF" vid_target="EC9ECA0C-B297-29FA-42B6-7EEAD67541CF">
<hideElementsInCurrentOnly>false</hideElementsInCurrentOnly>
<backgroundColor>-16777216</backgroundColor>
<lineWidth>1</lineWidth>
<points>
<point x="626" y="661"/>
<point x="651" y="661"/>
<point x="651" y="761"/>
<point x="539" y="761"/>
<point x="539" y="736"/>
</points>
</Connector>
<Connector class="oracle.dbtools.crest.swingui.relational.TVFKRelation" oid="F72CCE04-19A7-068B-AF1E-EBE661ADDD33" otype="FKIndexAssociation" vid_source="EC9ECA0C-B297-29FA-42B6-7EEAD67541CF" vid_target="DBB38DF7-8394-8498-F3F3-8D46E0F180E5">
<hideElementsInCurrentOnly>false</hideElementsInCurrentOnly>
<backgroundColor>-16777216</backgroundColor>
<lineWidth>1</lineWidth>
<points>
<point x="626" y="638"/>
<point x="717" y="638"/>
<point x="717" y="774"/>
</points>
</Connector>
</connectors>
</Diagram>
