<?xml version = '1.0' encoding = 'UTF-8'?>
<Relation class="oracle.dbtools.crest.model.design.logical.Relation" name="CLINIC_TRAINING" directorySegmentName="seg_0" id="0CC4E962-9D92-0A2C-77DE-D34EC8B6275D">
<createdBy>DavidL</createdBy>
<createdTime>2023-09-12 10:03:52 UTC</createdTime>
<ownerDesignName>Logical_model</ownerDesignName>
<engineerTo>
<item key="E6188D59-D74F-48AE-8122-E18BB5017B06" value="true"/>
</engineerTo>
<sourcePk>8309E946-8CB0-F182-FCE3-B7F3348C6464</sourcePk>
<identifying>false</identifying>
<nameOnSource>conducts</nameOnSource>
<nameOnTarget> </nameOnTarget>
<optionalSource>true</optionalSource>
<optionalTarget>false</optionalTarget>
<sourceCardinality>1</sourceCardinality>
<sourceEntity>5C1E6F4C-BE36-C564-AEC2-42AC41FF3EB6</sourceEntity>
<targetCardinalityString>*</targetCardinalityString>
<targetEntity>351CA9B4-537D-A1F7-D627-7CF26FCA6CD8</targetEntity>
<transferable>true</transferable>
<deleteRule>NO ACTION</deleteRule>
</Relation>
