<?xml version = '1.0' encoding = 'UTF-8'?>
<Relation class="oracle.dbtools.crest.model.design.logical.Relation" name="VET_TRAINING_VET" directorySegmentName="seg_0" id="36475411-ADC5-5A56-3359-3AB57DABB482">
<createdBy>ansonwong</createdBy>
<createdTime>2023-09-14 05:53:09 UTC</createdTime>
<ownerDesignName>Logical_model</ownerDesignName>
<engineerTo>
<item key="E6188D59-D74F-48AE-8122-E18BB5017B06" value="true"/>
</engineerTo>
<sourcePk>86278981-FD1F-45E2-1E54-140B38AF1F3E</sourcePk>
<identifying>true</identifying>
<nameOnSource>joins</nameOnSource>
<nameOnTarget> </nameOnTarget>
<optionalSource>true</optionalSource>
<optionalTarget>false</optionalTarget>
<sourceCardinality>1</sourceCardinality>
<sourceEntity>BE098781-3038-8713-E96A-C48EEDD92114</sourceEntity>
<targetCardinalityString>*</targetCardinalityString>
<targetEntity>BF1008B2-D6A9-FCA5-F6C8-E741BAEE8C03</targetEntity>
<transferable>true</transferable>
<deleteRule>NO ACTION</deleteRule>
</Relation>
