<?xml version = '1.0' encoding = 'UTF-8'?>
<Relation class="oracle.dbtools.crest.model.design.logical.Relation" name="CLINIC_VISIT" directorySegmentName="seg_0" id="69B91E32-68B0-6224-DF69-405713CACA65">
<createdBy>ansonwong</createdBy>
<createdTime>2023-09-14 06:02:27 UTC</createdTime>
<ownerDesignName>Logical_model</ownerDesignName>
<engineerTo>
<item key="E6188D59-D74F-48AE-8122-E18BB5017B06" value="true"/>
</engineerTo>
<sourcePk>8309E946-8CB0-F182-FCE3-B7F3348C6464</sourcePk>
<identifying>false</identifying>
<nameOnSource>host</nameOnSource>
<nameOnTarget> </nameOnTarget>
<optionalSource>true</optionalSource>
<optionalTarget>false</optionalTarget>
<sourceCardinality>1</sourceCardinality>
<sourceEntity>5C1E6F4C-BE36-C564-AEC2-42AC41FF3EB6</sourceEntity>
<targetCardinalityString>*</targetCardinalityString>
<targetEntity>F52DA7F6-266C-97CA-CA5C-157FAB2584EB</targetEntity>
<transferable>true</transferable>
<deleteRule>NO ACTION</deleteRule>
</Relation>
