<?xml version = '1.0' encoding = 'UTF-8'?>
<Relation class="oracle.dbtools.crest.model.design.logical.Relation" name="VET_CLINIC" directorySegmentName="seg_0" id="896A2299-0CF6-CEE2-5951-3E0306102A15">
<createdBy>DavidL</createdBy>
<createdTime>2023-09-12 10:44:07 UTC</createdTime>
<ownerDesignName>Logical_model</ownerDesignName>
<engineerTo>
<item key="E6188D59-D74F-48AE-8122-E18BB5017B06" value="true"/>
</engineerTo>
<sourcePk>8309E946-8CB0-F182-FCE3-B7F3348C6464</sourcePk>
<identifying>false</identifying>
<nameOnSource>assign</nameOnSource>
<nameOnTarget> </nameOnTarget>
<optionalSource>false</optionalSource>
<optionalTarget>false</optionalTarget>
<sourceCardinality>1</sourceCardinality>
<sourceEntity>5C1E6F4C-BE36-C564-AEC2-42AC41FF3EB6</sourceEntity>
<targetCardinalityString>*</targetCardinalityString>
<targetEntity>BE098781-3038-8713-E96A-C48EEDD92114</targetEntity>
<transferable>true</transferable>
<deleteRule>NO ACTION</deleteRule>
</Relation>
