<?xml version = '1.0' encoding = 'UTF-8'?>
<Diagram class="oracle.dbtools.crest.swingui.logical.DPVLogical" name="Logical" id="0CC9CBEE-15FA-8804-D0D3-E0E1F46C8C12">
<createdBy>Group 045</createdBy>
<modifiedBy>Group 045</modifiedBy>
<createdTime>2023-09-12 09:42:24 UTC</createdTime>
<autoRoute>false</autoRoute>
<boxInbox>true</boxInbox>
<showLegend>true</showLegend>
<showLabels>true</showLabels>
<showRelAttributes>false</showRelAttributes>
<gridEnabled>false</gridEnabled>
<showGrid>false</showGrid>
<diagramColor>-1</diagramColor>
<display>false</display>
<notation>2</notation>
<showAllDetails>false</showAllDetails>
<showElements>true</showElements>
<objectViews>
<OView class="oracle.dbtools.crest.swingui.logical.TVEntity" oid="0411C1AF-D5CA-1413-B189-A5A35C16F3F0" otype="Entity" vid="8E7737D4-413F-0FDB-DB86-E96A6560633F">
<hideElementsInCurrentOnly>false</hideElementsInCurrentOnly>
<bounds x="719" y="970" width="170" height="110"/>
</OView>
<OView class="oracle.dbtools.crest.swingui.logical.TVEntity" oid="05BB21B5-3CFF-2562-49A0-0C31A6265566" otype="Entity" vid="FA10A73C-3A0B-AD88-3123-5F39F7C3DD74">
<hideElementsInCurrentOnly>false</hideElementsInCurrentOnly>
<bounds x="181" y="584" width="170" height="110"/>
</OView>
<OView class="oracle.dbtools.crest.swingui.logical.TVEntity" oid="095C025C-9A4B-DFA9-B747-86B06C826FA5" otype="Entity" vid="A0023A96-FF2E-30D6-1065-45601730B538">
<hideElementsInCurrentOnly>false</hideElementsInCurrentOnly>
<bounds x="451" y="1028" width="170" height="111"/>
</OView>
<OView class="oracle.dbtools.crest.swingui.TVLegend" oid="12568603-49E9-A6D9-5CE5-95777B25FE07" otype="Legend" vid="7787F891-202C-14EF-382C-41747586A1BF">
<hideElementsInCurrentOnly>false</hideElementsInCurrentOnly>
<bounds x="10" y="10" width="226" height="128"/>
</OView>
<OView class="oracle.dbtools.crest.swingui.logical.TVEntity" oid="171B65F8-3AC6-96A7-CD84-4748E5855095" otype="Entity" vid="6F650F4B-C2C2-2530-0557-19D643AB9E89">
<hideElementsInCurrentOnly>false</hideElementsInCurrentOnly>
<bounds x="421" y="839" width="170" height="123"/>
</OView>
<OView class="oracle.dbtools.crest.swingui.logical.TVEntity" oid="351CA9B4-537D-A1F7-D627-7CF26FCA6CD8" otype="Entity" vid="048EBA45-D00D-A639-6125-BB97FBD3E366">
<hideElementsInCurrentOnly>false</hideElementsInCurrentOnly>
<bounds x="561" y="110" width="190" height="123"/>
</OView>
<OView class="oracle.dbtools.crest.swingui.logical.TVEntity" oid="5C1E6F4C-BE36-C564-AEC2-42AC41FF3EB6" otype="Entity" vid="1D2702C5-D08B-FCF5-FE96-DBA181CD8074">
<hideElementsInCurrentOnly>false</hideElementsInCurrentOnly>
<bounds x="621" y="386" width="170" height="126"/>
</OView>
<OView class="oracle.dbtools.crest.swingui.logical.TVEntity" oid="6B781611-DD52-F5DA-01C8-507CCAC2622D" otype="Entity" vid="B4792037-99B2-4A19-7D33-B9377154EE32">
<hideElementsInCurrentOnly>false</hideElementsInCurrentOnly>
<bounds x="748" y="555" width="170" height="110"/>
</OView>
<OView class="oracle.dbtools.crest.swingui.logical.TVEntity" oid="857B4F85-BDAB-4E2E-DD19-82491AF96141" otype="Entity" vid="CA90027A-2473-17C1-4A6E-68AFB7FA9012">
<hideElementsInCurrentOnly>false</hideElementsInCurrentOnly>
<bounds x="702" y="774" width="188" height="124"/>
</OView>
<OView class="oracle.dbtools.crest.swingui.logical.TVEntity" oid="9C569FD0-762C-17EC-E27A-6703924A7EA9" otype="Entity" vid="166C6BF3-0CCE-23B5-F36F-4687035620A8">
<hideElementsInCurrentOnly>false</hideElementsInCurrentOnly>
<bounds x="1054" y="580" width="170" height="111"/>
</OView>
<OView class="oracle.dbtools.crest.swingui.logical.TVEntity" oid="BE098781-3038-8713-E96A-C48EEDD92114" otype="Entity" vid="D16A5C14-F6EF-F8DB-8962-A9BD3BD848C7">
<hideElementsInCurrentOnly>false</hideElementsInCurrentOnly>
<bounds x="187" y="363" width="186" height="152"/>
</OView>
<OView class="oracle.dbtools.crest.swingui.logical.TVEntity" oid="BF1008B2-D6A9-FCA5-F6C8-E741BAEE8C03" otype="Entity" vid="BE1EE58B-CBCE-A7B9-D8EC-0590EEABD66F">
<hideElementsInCurrentOnly>false</hideElementsInCurrentOnly>
<bounds x="210" y="146" width="170" height="110"/>
</OView>
<OView class="oracle.dbtools.crest.swingui.logical.TVEntity" oid="F52DA7F6-266C-97CA-CA5C-157FAB2584EB" otype="Entity" vid="F59106A9-6E8D-6810-CFAA-1FE2568AEF44">
<hideElementsInCurrentOnly>false</hideElementsInCurrentOnly>
<bounds x="416" y="556" width="210" height="180"/>
</OView>
<OView class="oracle.dbtools.crest.swingui.logical.TVEntity" oid="FE4E4F3D-DEC3-65E2-DEF6-072427674F86" otype="Entity" vid="D53A7A6F-564F-7AAF-CA9E-364BE2E930D6">
<hideElementsInCurrentOnly>false</hideElementsInCurrentOnly>
<bounds x="187" y="818" width="170" height="112"/>
</OView>
</objectViews>
<connectors>
<Connector class="oracle.dbtools.crest.swingui.logical.TVRelation" oid="0AA03CE3-C8AC-90F8-23B0-02E1780AAF59" otype="Relation" vid_source="D53A7A6F-564F-7AAF-CA9E-364BE2E930D6" vid_target="6F650F4B-C2C2-2530-0557-19D643AB9E89">
<hideElementsInCurrentOnly>false</hideElementsInCurrentOnly>
<backgroundColor>-16777216</backgroundColor>
<lineWidth>1</lineWidth>
<sourceLabel class="oracle.dbtools.crest.model.design.Label">
<site>0</site>
<labelBounds x="367" y="864" width="29" height="20"/>
<noBackgroundColor>true</noBackgroundColor>
<noForegroundColor>true</noForegroundColor>
</sourceLabel>
<targetLabel class="oracle.dbtools.crest.model.design.Label">
<site>2</site>
<labelBounds x="396" y="887" width="19" height="33"/>
<noBackgroundColor>true</noBackgroundColor>
<noForegroundColor>true</noForegroundColor>
</targetLabel>
<points>
<point x="357" y="884"/>
<point x="421" y="884"/>
</points>
</Connector>
<Connector class="oracle.dbtools.crest.swingui.logical.TVRelation" oid="0CC4E962-9D92-0A2C-77DE-D34EC8B6275D" otype="Relation" vid_source="1D2702C5-D08B-FCF5-FE96-DBA181CD8074" vid_target="048EBA45-D00D-A639-6125-BB97FBD3E366">
<hideElementsInCurrentOnly>false</hideElementsInCurrentOnly>
<backgroundColor>-16777216</backgroundColor>
<lineWidth>1</lineWidth>
<sourceLabel class="oracle.dbtools.crest.model.design.Label">
<site>0</site>
<labelBounds x="686" y="342" width="58" height="30"/>
<noBackgroundColor>true</noBackgroundColor>
<noForegroundColor>true</noForegroundColor>
</sourceLabel>
<targetLabel class="oracle.dbtools.crest.model.design.Label">
<site>2</site>
<labelBounds x="686" y="285" width="18" height="30"/>
<noBackgroundColor>true</noBackgroundColor>
<noForegroundColor>true</noForegroundColor>
</targetLabel>
<points>
<point x="686" y="386"/>
<point x="686" y="233"/>
</points>
</Connector>
<Connector class="oracle.dbtools.crest.swingui.logical.TVRelation" oid="1E182304-F0AA-7DE2-E364-81D5169706AB" otype="Relation" vid_source="8E7737D4-413F-0FDB-DB86-E96A6560633F" vid_target="CA90027A-2473-17C1-4A6E-68AFB7FA9012">
<hideElementsInCurrentOnly>false</hideElementsInCurrentOnly>
<backgroundColor>-16777216</backgroundColor>
<lineWidth>1</lineWidth>
<sourceLabel class="oracle.dbtools.crest.model.design.Label">
<site>0</site>
<labelBounds x="804" y="934" width="50" height="30"/>
<noBackgroundColor>true</noBackgroundColor>
<noForegroundColor>true</noForegroundColor>
</sourceLabel>
<targetLabel class="oracle.dbtools.crest.model.design.Label">
<site>2</site>
<labelBounds x="804" y="934" width="34" height="31"/>
<noBackgroundColor>true</noBackgroundColor>
<noForegroundColor>true</noForegroundColor>
</targetLabel>
<points>
<point x="804" y="970"/>
<point x="804" y="898"/>
</points>
</Connector>
<Connector class="oracle.dbtools.crest.swingui.logical.TVRelation" oid="36475411-ADC5-5A56-3359-3AB57DABB482" otype="Relation" vid_source="D16A5C14-F6EF-F8DB-8962-A9BD3BD848C7" vid_target="BE1EE58B-CBCE-A7B9-D8EC-0590EEABD66F">
<hideElementsInCurrentOnly>false</hideElementsInCurrentOnly>
<backgroundColor>-16777216</backgroundColor>
<lineWidth>1</lineWidth>
<sourceLabel class="oracle.dbtools.crest.model.design.Label">
<site>0</site>
<labelBounds x="291" y="287" width="38" height="30"/>
<noBackgroundColor>true</noBackgroundColor>
<noForegroundColor>true</noForegroundColor>
</sourceLabel>
<targetLabel class="oracle.dbtools.crest.model.design.Label">
<site>2</site>
<labelBounds x="291" y="292" width="18" height="30"/>
<noBackgroundColor>true</noBackgroundColor>
<noForegroundColor>true</noForegroundColor>
</targetLabel>
<points>
<point x="291" y="363"/>
<point x="291" y="256"/>
</points>
</Connector>
<Connector class="oracle.dbtools.crest.swingui.logical.TVRelation" oid="4E6796B3-B1BD-EBC0-AC14-98D77CFC95C1" otype="Relation" vid_source="6F650F4B-C2C2-2530-0557-19D643AB9E89" vid_target="A0023A96-FF2E-30D6-1065-45601730B538">
<hideElementsInCurrentOnly>false</hideElementsInCurrentOnly>
<backgroundColor>-16777216</backgroundColor>
<lineWidth>1</lineWidth>
<sourceLabel class="oracle.dbtools.crest.model.design.Label">
<site>0</site>
<labelBounds x="521" y="1006" width="31" height="30"/>
<noBackgroundColor>true</noBackgroundColor>
<noForegroundColor>true</noForegroundColor>
</sourceLabel>
<targetLabel class="oracle.dbtools.crest.model.design.Label">
<site>2</site>
<labelBounds x="521" y="994" width="64" height="28"/>
<noBackgroundColor>true</noBackgroundColor>
<noForegroundColor>true</noForegroundColor>
</targetLabel>
<points>
<point x="521" y="962"/>
<point x="521" y="1028"/>
</points>
</Connector>
<Connector class="oracle.dbtools.crest.swingui.logical.TVRelation" oid="5D2560BB-EF6E-EDD9-9B55-0A4E962A2948" otype="Relation" vid_source="D16A5C14-F6EF-F8DB-8962-A9BD3BD848C7" vid_target="048EBA45-D00D-A639-6125-BB97FBD3E366">
<hideElementsInCurrentOnly>false</hideElementsInCurrentOnly>
<backgroundColor>-16777216</backgroundColor>
<lineWidth>1</lineWidth>
<sourceLabel class="oracle.dbtools.crest.model.design.Label">
<site>0</site>
<labelBounds x="383" y="381" width="54" height="30"/>
<noBackgroundColor>true</noBackgroundColor>
<noForegroundColor>true</noForegroundColor>
</sourceLabel>
<targetLabel class="oracle.dbtools.crest.model.design.Label">
<site>2</site>
<labelBounds x="602" y="269" width="16" height="34"/>
<noBackgroundColor>true</noBackgroundColor>
<noForegroundColor>true</noForegroundColor>
</targetLabel>
<points>
<point x="373" y="411"/>
<point x="602" y="411"/>
<point x="602" y="233"/>
</points>
</Connector>
<Connector class="oracle.dbtools.crest.swingui.logical.TVRelation" oid="69B91E32-68B0-6224-DF69-405713CACA65" otype="Relation" vid_source="1D2702C5-D08B-FCF5-FE96-DBA181CD8074" vid_target="F59106A9-6E8D-6810-CFAA-1FE2568AEF44">
<hideElementsInCurrentOnly>false</hideElementsInCurrentOnly>
<backgroundColor>-16777216</backgroundColor>
<lineWidth>1</lineWidth>
<sourceLabel class="oracle.dbtools.crest.model.design.Label">
<site>0</site>
<labelBounds x="623" y="572" width="36" height="30"/>
<noBackgroundColor>true</noBackgroundColor>
<noForegroundColor>true</noForegroundColor>
</sourceLabel>
<targetLabel class="oracle.dbtools.crest.model.design.Label">
<site>2</site>
<labelBounds x="623" y="512" width="18" height="30"/>
<noBackgroundColor>true</noBackgroundColor>
<noForegroundColor>true</noForegroundColor>
</targetLabel>
<points>
<point x="623" y="512"/>
<point x="580" y="556"/>
</points>
</Connector>
<Connector class="oracle.dbtools.crest.swingui.logical.TVRelation" oid="75554F5D-EED4-DB64-AC7F-1D9E3B2C6A23" otype="Relation" vid_source="FA10A73C-3A0B-AD88-3123-5F39F7C3DD74" vid_target="D16A5C14-F6EF-F8DB-8962-A9BD3BD848C7">
<hideElementsInCurrentOnly>false</hideElementsInCurrentOnly>
<backgroundColor>-16777216</backgroundColor>
<lineWidth>1</lineWidth>
<sourceLabel class="oracle.dbtools.crest.model.design.Label">
<site>0</site>
<labelBounds x="269" y="548" width="62" height="30"/>
<noBackgroundColor>true</noBackgroundColor>
<noForegroundColor>true</noForegroundColor>
</sourceLabel>
<targetLabel class="oracle.dbtools.crest.model.design.Label">
<site>2</site>
<labelBounds x="269" y="575" width="18" height="30"/>
<noBackgroundColor>true</noBackgroundColor>
<noForegroundColor>true</noForegroundColor>
</targetLabel>
<points>
<point x="269" y="584"/>
<point x="269" y="515"/>
</points>
</Connector>
<Connector class="oracle.dbtools.crest.swingui.logical.TVRelation" oid="76DA823F-9D73-6E16-9585-F126DD240BD5" otype="Relation" vid_source="048EBA45-D00D-A639-6125-BB97FBD3E366" vid_target="BE1EE58B-CBCE-A7B9-D8EC-0590EEABD66F">
<hideElementsInCurrentOnly>false</hideElementsInCurrentOnly>
<backgroundColor>-16777216</backgroundColor>
<lineWidth>1</lineWidth>
<sourceLabel class="oracle.dbtools.crest.model.design.Label">
<site>0</site>
<labelBounds x="523" y="174" width="32" height="30"/>
<noBackgroundColor>true</noBackgroundColor>
<noForegroundColor>true</noForegroundColor>
</sourceLabel>
<targetLabel class="oracle.dbtools.crest.model.design.Label">
<site>2</site>
<labelBounds x="390" y="207" width="18" height="30"/>
<noBackgroundColor>true</noBackgroundColor>
<noForegroundColor>true</noForegroundColor>
</targetLabel>
<points>
<point x="561" y="204"/>
<point x="380" y="204"/>
</points>
</Connector>
<Connector class="oracle.dbtools.crest.swingui.logical.TVRelation" oid="83D56423-6A94-B6F0-7A86-12A2CD2A17D1" otype="Relation" vid_source="D16A5C14-F6EF-F8DB-8962-A9BD3BD848C7" vid_target="1D2702C5-D08B-FCF5-FE96-DBA181CD8074">
<hideElementsInCurrentOnly>false</hideElementsInCurrentOnly>
<backgroundColor>-16777216</backgroundColor>
<lineWidth>1</lineWidth>
<sourceLabel class="oracle.dbtools.crest.model.design.Label">
<site>0</site>
<labelBounds x="383" y="434" width="58" height="30"/>
<noBackgroundColor>true</noBackgroundColor>
<noForegroundColor>true</noForegroundColor>
</sourceLabel>
<targetLabel class="oracle.dbtools.crest.model.design.Label">
<site>2</site>
<labelBounds x="597" y="467" width="18" height="22"/>
<noBackgroundColor>true</noBackgroundColor>
<noForegroundColor>true</noForegroundColor>
</targetLabel>
<points>
<point x="373" y="464"/>
<point x="621" y="464"/>
</points>
</Connector>
<Connector class="oracle.dbtools.crest.swingui.logical.TVRelation" oid="896A2299-0CF6-CEE2-5951-3E0306102A15" otype="Relation" vid_source="1D2702C5-D08B-FCF5-FE96-DBA181CD8074" vid_target="D16A5C14-F6EF-F8DB-8962-A9BD3BD848C7">
<hideElementsInCurrentOnly>false</hideElementsInCurrentOnly>
<backgroundColor>-16777216</backgroundColor>
<lineWidth>1</lineWidth>
<sourceLabel class="oracle.dbtools.crest.model.design.Label">
<site>0</site>
<labelBounds x="577" y="430" width="38" height="19"/>
<noBackgroundColor>true</noBackgroundColor>
<noForegroundColor>true</noForegroundColor>
</sourceLabel>
<targetLabel class="oracle.dbtools.crest.model.design.Label">
<site>2</site>
<labelBounds x="383" y="452" width="18" height="30"/>
<noBackgroundColor>true</noBackgroundColor>
<noForegroundColor>true</noForegroundColor>
</targetLabel>
<points>
<point x="621" y="449"/>
<point x="373" y="449"/>
</points>
</Connector>
<Connector class="oracle.dbtools.crest.swingui.logical.TVRelation" oid="898BBB62-55A5-D144-64C1-1B4F5C55CAAA" otype="Relation" vid_source="F59106A9-6E8D-6810-CFAA-1FE2568AEF44" vid_target="CA90027A-2473-17C1-4A6E-68AFB7FA9012">
<hideElementsInCurrentOnly>false</hideElementsInCurrentOnly>
<backgroundColor>-16777216</backgroundColor>
<lineWidth>1</lineWidth>
<sourceLabel class="oracle.dbtools.crest.model.design.Label">
<site>0</site>
<labelBounds x="636" y="608" width="60" height="30"/>
<noBackgroundColor>true</noBackgroundColor>
<noForegroundColor>true</noForegroundColor>
</sourceLabel>
<targetLabel class="oracle.dbtools.crest.model.design.Label">
<site>2</site>
<labelBounds x="717" y="730" width="18" height="30"/>
<noBackgroundColor>true</noBackgroundColor>
<noForegroundColor>true</noForegroundColor>
</targetLabel>
<points>
<point x="626" y="638"/>
<point x="717" y="638"/>
<point x="717" y="774"/>
</points>
</Connector>
<Connector class="oracle.dbtools.crest.swingui.logical.TVRelation" oid="9AC26873-1EA0-E797-B54D-07893A0EF8C4" otype="Relation" vid_source="D53A7A6F-564F-7AAF-CA9E-364BE2E930D6" vid_target="F59106A9-6E8D-6810-CFAA-1FE2568AEF44">
<hideElementsInCurrentOnly>false</hideElementsInCurrentOnly>
<backgroundColor>-16777216</backgroundColor>
<lineWidth>1</lineWidth>
<sourceLabel class="oracle.dbtools.crest.model.design.Label">
<site>0</site>
<labelBounds x="333" y="782" width="52" height="30"/>
<noBackgroundColor>true</noBackgroundColor>
<noForegroundColor>true</noForegroundColor>
</sourceLabel>
<targetLabel class="oracle.dbtools.crest.model.design.Label">
<site>2</site>
<labelBounds x="422" y="772" width="18" height="30"/>
<noBackgroundColor>true</noBackgroundColor>
<noForegroundColor>true</noForegroundColor>
</targetLabel>
<points>
<point x="333" y="818"/>
<point x="416" y="700"/>
</points>
</Connector>
<Connector class="oracle.dbtools.crest.swingui.logical.TVRelation" oid="AFED3D52-9800-520E-BEA7-A540C4F4C128" otype="Relation" vid_source="166C6BF3-0CCE-23B5-F36F-4687035620A8" vid_target="B4792037-99B2-4A19-7D33-B9377154EE32">
<hideElementsInCurrentOnly>false</hideElementsInCurrentOnly>
<backgroundColor>-16777216</backgroundColor>
<lineWidth>1</lineWidth>
<sourceLabel class="oracle.dbtools.crest.model.design.Label">
<site>0</site>
<labelBounds x="990" y="592" width="58" height="30"/>
<noBackgroundColor>true</noBackgroundColor>
<noForegroundColor>true</noForegroundColor>
</sourceLabel>
<targetLabel class="oracle.dbtools.crest.model.design.Label">
<site>2</site>
<labelBounds x="928" y="625" width="19" height="31"/>
<noBackgroundColor>true</noBackgroundColor>
<noForegroundColor>true</noForegroundColor>
</targetLabel>
<points>
<point x="1054" y="622"/>
<point x="918" y="622"/>
</points>
</Connector>
<Connector class="oracle.dbtools.crest.swingui.logical.TVRelation" oid="B6C18E63-58CE-2313-F2C4-D0CC2DD84BE2" otype="Relation" vid_source="F59106A9-6E8D-6810-CFAA-1FE2568AEF44" vid_target="B4792037-99B2-4A19-7D33-B9377154EE32">
<hideElementsInCurrentOnly>false</hideElementsInCurrentOnly>
<backgroundColor>-16777216</backgroundColor>
<lineWidth>1</lineWidth>
<sourceLabel class="oracle.dbtools.crest.model.design.Label">
<site>0</site>
<labelBounds x="636" y="580" width="56" height="30"/>
<noBackgroundColor>true</noBackgroundColor>
<noForegroundColor>true</noForegroundColor>
</sourceLabel>
<targetLabel class="oracle.dbtools.crest.model.design.Label">
<site>2</site>
<labelBounds x="724" y="613" width="18" height="30"/>
<noBackgroundColor>true</noBackgroundColor>
<noForegroundColor>true</noForegroundColor>
</targetLabel>
<points>
<point x="626" y="613"/>
<point x="748" y="610"/>
</points>
</Connector>
<Connector class="oracle.dbtools.crest.swingui.logical.TVRelation" oid="CF04EF63-6BE4-4D38-3A5D-9B79310AB1E6" otype="Relation" vid_source="F59106A9-6E8D-6810-CFAA-1FE2568AEF44" vid_target="F59106A9-6E8D-6810-CFAA-1FE2568AEF44">
<hideElementsInCurrentOnly>false</hideElementsInCurrentOnly>
<backgroundColor>-16777216</backgroundColor>
<lineWidth>1</lineWidth>
<sourceLabel class="oracle.dbtools.crest.model.design.Label">
<site>0</site>
<labelBounds x="651" y="646" width="64" height="30"/>
<noBackgroundColor>true</noBackgroundColor>
<noForegroundColor>true</noForegroundColor>
</sourceLabel>
<targetLabel class="oracle.dbtools.crest.model.design.Label">
<site>2</site>
<labelBounds x="539" y="748" width="18" height="30"/>
<noBackgroundColor>true</noBackgroundColor>
<noForegroundColor>true</noForegroundColor>
</targetLabel>
<points>
<point x="626" y="661"/>
<point x="651" y="661"/>
<point x="651" y="761"/>
<point x="539" y="761"/>
<point x="539" y="736"/>
</points>
</Connector>
<Connector class="oracle.dbtools.crest.swingui.logical.TVRelation" oid="D317531C-D52C-0E86-7346-189621DB8F45" otype="Relation" vid_source="6F650F4B-C2C2-2530-0557-19D643AB9E89" vid_target="F59106A9-6E8D-6810-CFAA-1FE2568AEF44">
<hideElementsInCurrentOnly>false</hideElementsInCurrentOnly>
<backgroundColor>-16777216</backgroundColor>
<lineWidth>1</lineWidth>
<sourceLabel class="oracle.dbtools.crest.model.design.Label">
<site>0</site>
<labelBounds x="506" y="787" width="52" height="30"/>
<noBackgroundColor>true</noBackgroundColor>
<noForegroundColor>true</noForegroundColor>
</sourceLabel>
<targetLabel class="oracle.dbtools.crest.model.design.Label">
<site>2</site>
<labelBounds x="506" y="804" width="18" height="30"/>
<noBackgroundColor>true</noBackgroundColor>
<noForegroundColor>true</noForegroundColor>
</targetLabel>
<points>
<point x="506" y="839"/>
<point x="497" y="736"/>
</points>
</Connector>
<Connector class="oracle.dbtools.crest.swingui.logical.TVRelation" oid="F2F24759-70D0-BACE-12D6-4CE80CC2AA1B" otype="Relation" vid_source="D16A5C14-F6EF-F8DB-8962-A9BD3BD848C7" vid_target="F59106A9-6E8D-6810-CFAA-1FE2568AEF44">
<hideElementsInCurrentOnly>false</hideElementsInCurrentOnly>
<backgroundColor>-16777216</backgroundColor>
<lineWidth>1</lineWidth>
<sourceLabel class="oracle.dbtools.crest.model.design.Label">
<site>0</site>
<labelBounds x="368" y="551" width="47" height="30"/>
<noBackgroundColor>true</noBackgroundColor>
<noForegroundColor>true</noForegroundColor>
</sourceLabel>
<targetLabel class="oracle.dbtools.crest.model.design.Label">
<site>2</site>
<labelBounds x="416" y="520" width="18" height="30"/>
<noBackgroundColor>true</noBackgroundColor>
<noForegroundColor>true</noForegroundColor>
</targetLabel>
<points>
<point x="368" y="515"/>
<point x="416" y="564"/>
</points>
</Connector>
</connectors>
</Diagram>
